--
-- PostgreSQL database dump
--

SET statement_timeout = 0;
SET lock_timeout = 0;
SET client_encoding = 'UTF8';
SET standard_conforming_strings = on;
SET check_function_bodies = false;
SET client_min_messages = warning;

--
-- Name: postgres; Type: COMMENT; Schema: -; Owner: postgres
--

COMMENT ON DATABASE postgres IS 'default administrative connection database';


--
-- Name: plpgsql; Type: EXTENSION; Schema: -; Owner: 
--

CREATE EXTENSION IF NOT EXISTS plpgsql WITH SCHEMA pg_catalog;


--
-- Name: EXTENSION plpgsql; Type: COMMENT; Schema: -; Owner: 
--

COMMENT ON EXTENSION plpgsql IS 'PL/pgSQL procedural language';


SET search_path = public, pg_catalog;

SET default_tablespace = '';

SET default_with_oids = false;

--
-- Name: canteens; Type: TABLE; Schema: public; Owner: postgres; Tablespace: 
--

CREATE TABLE canteens (
    id integer NOT NULL,
    name character varying(255) NOT NULL,
    latitude double precision NOT NULL,
    longitude double precision NOT NULL,
    "createdAt" timestamp with time zone NOT NULL,
    "updatedAt" timestamp with time zone NOT NULL,
    "crowdId" character varying(255) NOT NULL,
    uuid uuid NOT NULL
);


ALTER TABLE canteens OWNER TO postgres;

--
-- Name: Canteens_id_seq; Type: SEQUENCE; Schema: public; Owner: postgres
--

CREATE SEQUENCE "Canteens_id_seq"
    START WITH 1
    INCREMENT BY 1
    NO MINVALUE
    NO MAXVALUE
    CACHE 1;


ALTER TABLE "Canteens_id_seq" OWNER TO postgres;

--
-- Name: Canteens_id_seq; Type: SEQUENCE OWNED BY; Schema: public; Owner: postgres
--

ALTER SEQUENCE "Canteens_id_seq" OWNED BY canteens.id;


--
-- Name: stalls; Type: TABLE; Schema: public; Owner: postgres; Tablespace: 
--

CREATE TABLE stalls (
    id integer NOT NULL,
    name character varying(255) NOT NULL,
    "createdAt" timestamp with time zone NOT NULL,
    "updatedAt" timestamp with time zone NOT NULL,
    "canteenId" integer,
    uuid uuid NOT NULL
);


ALTER TABLE stalls OWNER TO postgres;

--
-- Name: Stalls_id_seq; Type: SEQUENCE; Schema: public; Owner: postgres
--

CREATE SEQUENCE "Stalls_id_seq"
    START WITH 1
    INCREMENT BY 1
    NO MINVALUE
    NO MAXVALUE
    CACHE 1;


ALTER TABLE "Stalls_id_seq" OWNER TO postgres;

--
-- Name: Stalls_id_seq; Type: SEQUENCE OWNED BY; Schema: public; Owner: postgres
--

ALTER SEQUENCE "Stalls_id_seq" OWNED BY stalls.id;


--
-- Name: appointments; Type: TABLE; Schema: public; Owner: postgres; Tablespace: 
--

CREATE TABLE appointments (
    id integer NOT NULL,
    "userId" character varying(255) NOT NULL,
    "startTime" timestamp with time zone NOT NULL,
    "endTime" timestamp with time zone NOT NULL,
    attendees character varying(255)[] DEFAULT (ARRAY[]::character varying[])::character varying(255)[],
    title character varying(255) NOT NULL,
    description text,
    "createdAt" timestamp with time zone NOT NULL,
    "updatedAt" timestamp with time zone NOT NULL,
    "deletedAt" timestamp with time zone,
    "canteenId" integer
);


ALTER TABLE appointments OWNER TO postgres;

--
-- Name: appointments_id_seq; Type: SEQUENCE; Schema: public; Owner: postgres
--

CREATE SEQUENCE appointments_id_seq
    START WITH 1
    INCREMENT BY 1
    NO MINVALUE
    NO MAXVALUE
    CACHE 1;


ALTER TABLE appointments_id_seq OWNER TO postgres;

--
-- Name: appointments_id_seq; Type: SEQUENCE OWNED BY; Schema: public; Owner: postgres
--

ALTER SEQUENCE appointments_id_seq OWNED BY appointments.id;


--
-- Name: photos; Type: TABLE; Schema: public; Owner: postgres; Tablespace: 
--

CREATE TABLE photos (
    uuid uuid NOT NULL,
    "userId" character varying(255) NOT NULL,
    "createdAt" timestamp with time zone NOT NULL,
    "updatedAt" timestamp with time zone NOT NULL,
    "stallId" integer
);


ALTER TABLE photos OWNER TO postgres;

--
-- Name: ratings; Type: TABLE; Schema: public; Owner: postgres; Tablespace: 
--

CREATE TABLE ratings (
    id integer NOT NULL,
    value integer NOT NULL,
    "userId" character varying(255) NOT NULL,
    "createdAt" timestamp with time zone NOT NULL,
    "updatedAt" timestamp with time zone NOT NULL,
    "stallId" integer
);


ALTER TABLE ratings OWNER TO postgres;

--
-- Name: ratings_id_seq; Type: SEQUENCE; Schema: public; Owner: postgres
--

CREATE SEQUENCE ratings_id_seq
    START WITH 1
    INCREMENT BY 1
    NO MINVALUE
    NO MAXVALUE
    CACHE 1;


ALTER TABLE ratings_id_seq OWNER TO postgres;

--
-- Name: ratings_id_seq; Type: SEQUENCE OWNED BY; Schema: public; Owner: postgres
--

ALTER SEQUENCE ratings_id_seq OWNED BY ratings.id;


--
-- Name: id; Type: DEFAULT; Schema: public; Owner: postgres
--

ALTER TABLE ONLY appointments ALTER COLUMN id SET DEFAULT nextval('appointments_id_seq'::regclass);


--
-- Name: id; Type: DEFAULT; Schema: public; Owner: postgres
--

ALTER TABLE ONLY canteens ALTER COLUMN id SET DEFAULT nextval('"Canteens_id_seq"'::regclass);


--
-- Name: id; Type: DEFAULT; Schema: public; Owner: postgres
--

ALTER TABLE ONLY ratings ALTER COLUMN id SET DEFAULT nextval('ratings_id_seq'::regclass);


--
-- Name: id; Type: DEFAULT; Schema: public; Owner: postgres
--

ALTER TABLE ONLY stalls ALTER COLUMN id SET DEFAULT nextval('"Stalls_id_seq"'::regclass);


--
-- Name: Canteens_id_seq; Type: SEQUENCE SET; Schema: public; Owner: postgres
--

SELECT pg_catalog.setval('"Canteens_id_seq"', 1, false);


--
-- Name: Stalls_id_seq; Type: SEQUENCE SET; Schema: public; Owner: postgres
--

SELECT pg_catalog.setval('"Stalls_id_seq"', 1, true);


--
-- Data for Name: appointments; Type: TABLE DATA; Schema: public; Owner: postgres
--

COPY appointments (id, "userId", "startTime", "endTime", attendees, title, description, "createdAt", "updatedAt", "deletedAt", "canteenId") FROM stdin;
181	1559444720801885	2017-09-10 14:00:00+08	2017-09-10 14:30:00+08	{}	Lunch at PGP E-Canteen		2017-09-10 13:57:44.673+08	2017-09-10 13:57:44.673+08	2017-09-10 14:03:20.626+08	3
151	10211829688110309	2017-09-11 13:00:00+08	2017-09-11 14:00:00+08	{1524106284336095}	Lunch @ E-Canteen	Looking for people to eat lunch with! Free for all!	2017-09-09 00:15:59.643+08	2017-09-09 00:21:54.872+08	2017-09-09 00:31:19.335+08	3
152	1559444720801885	2017-09-09 00:40:00+08	2017-09-09 01:10:00+08	{}	Breakfast at PGP E-Canteen		2017-09-09 00:32:48.271+08	2017-09-09 00:32:48.271+08	\N	3
153	10211829688110309	2017-09-11 13:40:00+08	2017-09-11 14:10:00+08	{}	Lunch at PGP E-Canteen	Hey sexys	2017-09-09 00:34:12.562+08	2017-09-09 00:34:12.562+08	2017-09-09 00:34:37.624+08	3
154	10211829688110309	2017-09-09 00:50:00+08	2017-09-09 01:20:00+08	{}	Breakfast at PGP E-Canteen		2017-09-09 00:41:43.315+08	2017-09-09 00:41:43.315+08	2017-09-09 00:41:48.099+08	3
155	10211829688110309	2017-09-15 00:50:00+08	2017-09-15 01:20:00+08	{}	Weekly Session	Join Me!	2017-09-09 00:42:17.908+08	2017-09-09 00:42:17.908+08	\N	3
156	10211095965894685	2017-09-09 09:20:00+08	2017-09-09 09:50:00+08	{}	Lunch at PGP E-Canteen		2017-09-09 09:19:15.303+08	2017-09-09 09:19:15.303+08	\N	3
157	1559444720801885	2017-09-09 11:50:00+08	2017-09-09 12:20:00+08	{}	Lunch at PGP E-Canteen		2017-09-09 11:41:32.927+08	2017-09-09 11:41:32.927+08	\N	3
158	1559444720801885	2017-09-09 23:50:00+08	2017-09-10 01:20:00+08	{}	Supper at PGP E-Canteen		2017-09-09 11:41:41.854+08	2017-09-09 11:41:41.854+08	\N	3
159	1559444720801885	2017-09-22 19:50:00+08	2017-09-22 21:20:00+08	{}	Dinner at PGP E-Canteen		2017-09-09 11:41:51.718+08	2017-09-09 11:41:51.718+08	2017-09-09 11:41:53.555+08	3
161	1559444720801885	2017-08-29 17:20:00+08	2017-08-29 18:50:00+08	{}	Dinner at PGP E-Canteen		2017-09-09 17:14:12.523+08	2017-09-09 17:14:12.523+08	\N	3
166	10155542011118954	2017-09-09 22:40:00+08	2017-09-10 00:10:00+08	{}	Supper at PGP E-Canteen		2017-09-09 22:38:29.417+08	2017-09-09 22:38:29.417+08	\N	3
168	10155542011118954	2017-09-09 22:40:00+08	2017-09-10 00:10:00+08	{}	Supper at Techno Edge		2017-09-09 22:43:47.388+08	2017-09-09 22:43:47.388+08	\N	6
169	1559444720801885	2017-09-09 22:50:00+08	2017-09-09 23:20:00+08	{}	Supper at PGP E-Canteen		2017-09-09 22:45:32.155+08	2017-09-09 22:45:32.155+08	\N	3
170	1559444720801885	2017-09-09 23:00:00+08	2017-09-09 23:30:00+08	{}	Supper at PGP E-Canteen		2017-09-09 22:52:09.854+08	2017-09-09 22:52:09.854+08	\N	3
171	1559444720801885	2017-09-09 23:00:00+08	2017-09-10 01:00:00+08	{}	Supper at PGP E-Canteen		2017-09-09 22:52:12.622+08	2017-09-09 22:52:12.622+08	\N	3
172	1559444720801885	2017-09-09 23:00:00+08	2017-09-10 02:00:00+08	{}	Supper at PGP E-Canteen		2017-09-09 22:52:16.42+08	2017-09-09 22:52:16.42+08	\N	3
173	1559444720801885	2017-09-09 23:00:00+08	2017-09-10 02:00:00+08	{}	Supper at PGP E-Canteen		2017-09-09 22:52:52.461+08	2017-09-09 22:52:52.461+08	\N	3
174	1559444720801885	2017-09-09 23:00:00+08	2017-09-10 00:30:00+08	{}	Supper at PGP E-Canteen		2017-09-09 22:52:55.694+08	2017-09-09 22:52:55.694+08	\N	3
175	1559444720801885	2017-09-09 23:00:00+08	2017-09-09 23:15:00+08	{}	Supper at PGP E-Canteen		2017-09-09 22:52:58.182+08	2017-09-09 22:52:58.182+08	\N	3
176	1559444720801885	2017-09-09 23:00:00+08	2017-09-09 23:45:00+08	{}	Supper at PGP E-Canteen		2017-09-09 22:53:00.278+08	2017-09-09 22:53:00.278+08	\N	3
177	1559444720801885	2017-09-09 23:00:00+08	2017-09-10 01:00:00+08	{}	Supper at PGP E-Canteen		2017-09-09 22:53:02.325+08	2017-09-09 22:53:02.325+08	\N	3
178	1559444720801885	2017-09-09 23:00:00+08	2017-09-10 00:00:00+08	{}	Supper at PGP E-Canteen		2017-09-09 22:53:05.668+08	2017-09-09 22:53:05.668+08	\N	3
184	1559444720801885	2017-09-06 14:00:00+08	2017-09-06 14:30:00+08	{}	Lunch at PGP E-Canteen		2017-09-10 13:58:44.067+08	2017-09-10 13:58:44.067+08	\N	3
187	1559444720801885	2017-09-10 14:10:00+08	2017-09-10 14:40:00+08	{}	Lunch at PGP E-Canteen		2017-09-10 14:02:40.609+08	2017-09-10 14:02:40.609+08	2017-09-10 14:02:42.001+08	3
186	1559444720801885	2017-09-10 14:10:00+08	2017-09-10 14:40:00+08	{}	Lunch at PGP E-Canteen		2017-09-10 14:02:38.28+08	2017-09-10 14:02:38.28+08	2017-09-10 14:02:43.052+08	3
185	1559444720801885	2017-09-10 14:10:00+08	2017-09-10 14:40:00+08	{}	Lunch at PGP E-Canteen		2017-09-10 14:02:23.564+08	2017-09-10 14:02:23.564+08	2017-09-10 14:02:43.525+08	3
183	1559444720801885	2017-09-28 14:00:00+08	2017-09-28 14:30:00+08	{}	Lunch at PGP E-Canteen		2017-09-10 13:58:38.207+08	2017-09-10 13:58:38.207+08	2017-09-10 14:02:44.137+08	3
189	1559444720801885	2017-09-01 14:10:00+08	2017-09-01 15:10:00+08	{}	Lunch at PGP E-Canteen		2017-09-10 14:02:56.706+08	2017-09-10 14:02:56.706+08	\N	3
190	1559444720801885	2017-09-07 10:10:00+08	2017-09-07 13:10:00+08	{}	Lunch at PGP E-Canteen		2017-09-10 14:03:08.591+08	2017-09-10 14:03:08.591+08	\N	3
188	1559444720801885	2017-09-25 02:10:00+08	2017-09-25 02:40:00+08	{}	Breakfast at PGP E-Canteen		2017-09-10 14:02:49.083+08	2017-09-10 14:02:49.083+08	2017-09-10 14:03:19.38+08	3
182	1559444720801885	2017-09-10 14:00:00+08	2017-09-10 14:30:00+08	{}	Lunch at PGP E-Canteen		2017-09-10 13:58:07.223+08	2017-09-10 13:58:07.223+08	2017-09-10 14:03:20.01+08	3
180	1559444720801885	2017-09-10 14:00:00+08	2017-09-10 14:30:00+08	{}	Lunch at PGP E-Canteen		2017-09-10 13:55:57.5+08	2017-09-10 13:55:57.5+08	2017-09-10 14:03:21.127+08	3
165	1559444720801885	2017-09-23 17:40:00+08	2017-09-23 19:10:00+08	{}	Dinner at PGP E-Canteen		2017-09-09 17:37:43.105+08	2017-09-09 17:37:43.105+08	2017-09-10 14:03:23.295+08	3
164	1559444720801885	2017-09-23 17:40:00+08	2017-09-23 19:10:00+08	{}	Dinner at PGP E-Canteen		2017-09-09 17:37:40.706+08	2017-09-09 17:37:40.706+08	2017-09-10 14:03:23.874+08	3
163	1559444720801885	2017-09-10 17:40:00+08	2017-09-10 19:10:00+08	{}	Dinner at PGP E-Canteen		2017-09-09 17:37:35.004+08	2017-09-09 17:37:35.004+08	2017-09-10 14:03:24.306+08	3
162	1559444720801885	2017-09-17 17:30:00+08	2017-09-17 19:00:00+08	{}	Dinner at PGP E-Canteen		2017-09-09 17:21:04.67+08	2017-09-09 17:21:04.67+08	2017-09-10 14:03:24.843+08	3
160	1559444720801885	2017-09-13 17:20:00+08	2017-09-13 18:50:00+08	{}	Dinner at PGP E-Canteen		2017-09-09 17:12:59.459+08	2017-09-09 17:12:59.459+08	2017-09-10 14:03:25.953+08	3
191	1559444720801885	2017-09-14 14:10:00+08	2017-09-14 17:10:00+08	{}	Lunch at PGP E-Canteen		2017-09-10 14:03:29.154+08	2017-09-10 14:03:29.154+08	\N	3
192	1559444720801885	2017-09-10 15:10:00+08	2017-09-10 15:40:00+08	{}	Dinner at PGP E-Canteen		2017-09-10 14:03:35.056+08	2017-09-10 14:03:35.056+08	\N	3
194	1559444720801885	2017-09-15 18:30:00+08	2017-09-15 19:00:00+08	{}	Dinner at PGP E-Canteen		2017-09-10 14:03:45.441+08	2017-09-10 14:03:45.441+08	2017-09-10 14:03:47.928+08	3
197	1559444720801885	2017-09-08 14:10:00+08	2017-09-08 15:10:00+08	{}	Lunch at PGP E-Canteen		2017-09-10 14:04:09.118+08	2017-09-10 14:04:09.118+08	\N	3
198	1559444720801885	2017-09-10 14:10:00+08	2017-09-10 14:55:00+08	{}	Lunch at YIH Food Junction		2017-09-10 14:04:17.974+08	2017-09-10 14:04:17.974+08	\N	4
203	1559444720801885	2017-09-10 15:30:00+08	2017-09-10 16:00:00+08	{}	Dinner at PGP E-Canteen	asdasdasd\nasd\nasd	2017-09-10 15:35:09.927+08	2017-09-10 15:35:09.927+08	\N	3
208	1559444720801885	2017-09-10 15:40:00+08	2017-09-10 16:10:00+08	{}	Dinner at PGP E-Canteen		2017-09-10 15:37:10.495+08	2017-09-10 15:37:10.495+08	2017-09-10 15:37:11.633+08	3
212	1559444720801885	2017-09-10 15:40:00+08	2017-09-10 16:10:00+08	{}	Dinner at PGP E-Canteen		2017-09-10 15:37:53.204+08	2017-09-10 15:37:53.204+08	2017-09-10 15:37:53.953+08	3
211	1559444720801885	2017-09-10 15:40:00+08	2017-09-10 16:10:00+08	{}	Dinner at PGP E-Canteen		2017-09-10 15:37:31.754+08	2017-09-10 15:37:31.754+08	2017-09-10 15:37:56.068+08	3
213	1559444720801885	2017-09-10 15:40:00+08	2017-09-10 16:10:00+08	{}	Dinner at PGP E-Canteen		2017-09-10 15:37:57.585+08	2017-09-10 15:37:57.585+08	2017-09-10 15:37:58.425+08	3
210	1559444720801885	2017-09-10 15:40:00+08	2017-09-10 16:10:00+08	{}	Dinner at PGP E-Canteen		2017-09-10 15:37:29.01+08	2017-09-10 15:37:29.01+08	2017-09-10 15:37:58.832+08	3
199	1559444720801885	2017-09-16 14:30:00+08	2017-09-16 15:30:00+08	{}	Lunch at UTown Koufu		2017-09-10 14:04:26.692+08	2017-09-10 14:04:26.692+08	2017-09-10 15:38:08.191+08	1
196	1559444720801885	2017-10-14 02:30:00+08	2017-10-14 04:30:00+08	{}	Breakfast at Techno Edge		2017-09-10 14:03:57.051+08	2017-09-10 14:03:57.051+08	2017-09-10 15:38:14.27+08	6
195	1559444720801885	2017-09-29 14:10:00+08	2017-09-29 16:10:00+08	{}	Lunch at PGP E-Canteen		2017-09-10 14:03:51.898+08	2017-09-10 14:03:51.898+08	2017-09-10 15:38:17.816+08	3
224	1559444720801885	2017-09-10 15:40:00+08	2017-09-10 16:10:00+08	{}	Dinner at PGP E-Canteen		2017-09-10 15:40:44.811+08	2017-09-10 15:40:44.811+08	\N	3
193	1559444720801885	2017-09-21 02:10:00+08	2017-09-21 02:40:00+08	{}	Breakfast at Techno Edge		2017-09-10 14:03:40.626+08	2017-09-10 14:03:40.626+08	2017-09-19 12:58:21.871+08	6
167	10155542011118954	2017-09-20 10:40:00+08	2017-09-20 11:10:00+08	{}	Lunch at The Deck		2017-09-09 22:38:37.728+08	2017-09-11 12:01:32.704+08	\N	7
202	1559444720801885	2017-09-10 13:40:00+08	2017-09-10 14:10:00+08	{}	Lunch at PGP E-Canteen		2017-09-10 14:37:23.245+08	2017-09-10 14:37:23.245+08	\N	3
204	1559444720801885	2017-09-10 15:30:00+08	2017-09-10 16:00:00+08	{}	Dinner at PGP E-Canteen	asdasdasd\nasd\nasd	2017-09-10 15:36:34.721+08	2017-09-10 15:36:34.721+08	\N	3
209	1559444720801885	2017-09-10 15:40:00+08	2017-09-10 16:10:00+08	{}	Dinner at PGP E-Canteen		2017-09-10 15:37:25.629+08	2017-09-10 15:37:25.629+08	2017-09-10 15:38:01.192+08	3
205	1559444720801885	2017-09-10 15:40:00+08	2017-09-10 16:10:00+08	{}	Dinner at PGP E-Canteen		2017-09-10 15:36:54.702+08	2017-09-10 15:36:54.702+08	2017-09-10 15:38:04.399+08	3
221	1559444720801885	2017-09-10 15:40:00+08	2017-09-10 16:10:00+08	{}	Dinner at PGP E-Canteen		2017-09-10 15:40:38.798+08	2017-09-10 15:40:38.798+08	\N	3
226	1559444720801885	2017-09-10 15:40:00+08	2017-09-10 16:10:00+08	{}	Dinner at PGP E-Canteen		2017-09-10 15:40:48.823+08	2017-09-10 15:40:48.823+08	\N	3
219	1559444720801885	2017-09-20 15:40:00+08	2017-09-20 16:10:00+08	{}	Dinner at PGP E-Canteen		2017-09-10 15:38:40.704+08	2017-09-10 15:38:40.704+08	2017-09-19 12:58:20.333+08	3
200	1559444720801885	2017-09-27 07:10:00+08	2017-09-27 07:25:00+08	{}	Breakfast at PGP E-Canteen		2017-09-10 14:04:35.5+08	2017-09-10 14:04:35.5+08	2017-09-19 12:58:20.703+08	3
207	1559444720801885	2017-09-10 15:40:00+08	2017-09-10 16:10:00+08	{}	Dinner at PGP E-Canteen		2017-09-10 15:37:07.903+08	2017-09-10 15:37:07.903+08	2017-09-10 15:37:12.159+08	3
206	1559444720801885	2017-09-10 15:40:00+08	2017-09-10 16:10:00+08	{}	Dinner at PGP E-Canteen		2017-09-10 15:37:00.159+08	2017-09-10 15:37:00.159+08	2017-09-10 15:38:03.921+08	3
216	1559444720801885	2017-09-10 15:40:00+08	2017-09-10 16:10:00+08	{}	Dinner at PGP E-Canteen		2017-09-10 15:38:07.573+08	2017-09-10 15:38:07.573+08	\N	3
222	1559444720801885	2017-09-10 15:40:00+08	2017-09-10 16:10:00+08	{}	Dinner at PGP E-Canteen		2017-09-10 15:40:41.286+08	2017-09-10 15:40:41.286+08	\N	3
227	1559444720801885	2017-09-10 15:40:00+08	2017-09-10 16:10:00+08	{}	Dinner at PGP E-Canteen		2017-09-10 15:40:50.372+08	2017-09-10 15:40:50.372+08	\N	3
220	1559444720801885	2017-09-20 15:40:00+08	2017-09-20 16:10:00+08	{}	Dinner at PGP E-Canteen		2017-09-10 15:38:49.773+08	2017-09-10 15:38:49.773+08	2017-09-19 12:58:20.144+08	3
201	1559444720801885	2017-09-22 14:10:00+08	2017-09-22 14:25:00+08	{}	Lunch at PGP E-Canteen		2017-09-10 14:05:36.484+08	2017-09-10 14:05:36.484+08	2017-09-19 12:58:20.478+08	3
214	1559444720801885	2017-09-10 15:40:00+08	2017-09-10 16:10:00+08	{}	Dinner at PGP E-Canteen		2017-09-10 15:38:00.299+08	2017-09-10 15:38:00.299+08	2017-09-10 15:38:00.822+08	3
215	1559444720801885	2017-09-10 15:40:00+08	2017-09-10 16:10:00+08	{}	Dinner at PGP E-Canteen		2017-09-10 15:38:03.069+08	2017-09-10 15:38:03.069+08	2017-09-10 15:38:03.737+08	3
217	1559444720801885	2017-09-10 15:40:00+08	2017-09-10 16:10:00+08	{}	Dinner at PGP E-Canteen	asd	2017-09-10 15:38:10.834+08	2017-09-10 15:38:10.834+08	\N	3
225	1559444720801885	2017-09-10 15:40:00+08	2017-09-10 16:10:00+08	{}	Dinner at PGP E-Canteen		2017-09-10 15:40:47.046+08	2017-09-10 15:40:47.046+08	\N	3
230	1559444720801885	2017-09-10 15:40:00+08	2017-09-10 16:10:00+08	{}	Dinner at PGP E-Canteen		2017-09-10 15:40:55.303+08	2017-09-10 15:40:55.303+08	\N	3
218	1559444720801885	2017-09-10 15:40:00+08	2017-09-10 16:10:00+08	{}	Dinner at PGP E-Canteen	asdzz	2017-09-10 15:38:17.174+08	2017-09-10 15:38:17.174+08	\N	3
223	1559444720801885	2017-09-10 15:40:00+08	2017-09-10 16:10:00+08	{}	Dinner at PGP E-Canteen		2017-09-10 15:40:43.062+08	2017-09-10 15:40:43.062+08	\N	3
228	1559444720801885	2017-09-10 15:40:00+08	2017-09-10 16:10:00+08	{}	Dinner at PGP E-Canteen		2017-09-10 15:40:52.118+08	2017-09-10 15:40:52.118+08	\N	3
229	1559444720801885	2017-09-10 15:40:00+08	2017-09-10 16:10:00+08	{}	Dinner at PGP E-Canteen		2017-09-10 15:40:53.702+08	2017-09-10 15:40:53.702+08	\N	3
231	1559444720801885	2017-09-10 16:00:00+08	2017-09-10 16:30:00+08	{}	Dinner at PGP E-Canteen		2017-09-10 15:56:15.032+08	2017-09-10 15:56:15.032+08	\N	3
234	1559444720801885	2017-09-12 16:00:00+08	2017-09-12 16:30:00+08	{}	Dinner at PGP E-Canteen		2017-09-10 15:56:36.823+08	2017-09-10 15:56:36.823+08	\N	3
235	1559444720801885	2017-09-12 16:00:00+08	2017-09-12 16:30:00+08	{}	Dinner at PGP E-Canteen		2017-09-10 15:56:39.454+08	2017-09-10 15:56:39.454+08	\N	3
236	1559444720801885	2017-09-12 16:00:00+08	2017-09-12 16:30:00+08	{}	Dinner at PGP E-Canteen		2017-09-10 15:57:03.446+08	2017-09-10 15:57:03.446+08	\N	3
237	1559444720801885	2017-09-10 16:10:00+08	2017-09-10 16:40:00+08	{}	Dinner at PGP E-Canteen		2017-09-10 16:01:24.985+08	2017-09-10 16:01:24.985+08	\N	3
238	1559444720801885	2017-09-10 16:10:00+08	2017-09-10 16:40:00+08	{}	Dinner at PGP E-Canteen		2017-09-10 16:01:29.54+08	2017-09-10 16:01:29.54+08	\N	3
239	1559444720801885	2017-09-10 16:10:00+08	2017-09-10 16:40:00+08	{}	Dinner at PGP E-Canteen		2017-09-10 16:01:41.243+08	2017-09-10 16:01:41.243+08	\N	3
240	1559444720801885	2017-09-10 16:10:00+08	2017-09-10 16:40:00+08	{}	Dinner at PGP E-Canteen	this is a long teasd\nthis is a long teasdthis is a long teasd\nthis is a long teasdthis is a long teasdthis is a long teasdthis is a long teasdthis is a long teasdthis is a long teasdthis is a long teasdthis is a long teasdthis is a long teasdthis is a long teasd\nthis is a long teasdthis is a long teasdthis is a long teasdthis is a long teasdthis is a long teasdthis is a long teasdthis is a long teasdthis is a long teasdthis is a long teasdthis is a long teasdthis is a long teasdthis is a long teasdthis is a long teasdthis is a long teasdthis is a long teasdthis is a long teasdthis is a long teasdthis is a long teasdthis is a long teasdthis is a long teasdthis is a long teasdthis is a long teasdthis is a long teasdthis is a long teasdthis is a long teasdthis is a long teasdthis is a long teasdthis is a long teasdthis is a long teasdthis is a long teasdthis is a long teasdthis is a long teasdthis is a long teasdthis is a long teasdthis is a long teasdthis is a long teasdthis is a long teasdthis is a long teasdthis is a long teasdthis is a long teasdthis is a long teasdthis is a long teasdthis is a long teasdthis is a long teasdthis is a long teasdthis is a long teasdthis is a long teasdthis is a long teasdthis is a long teasdthis is a long teasdthis is a long teasdthis is a long teasdthis is a long teasdthis is a long teasdthis is a long teasdthis is a long teasdthis is a long teasdthis is a long teasdthis is a long teasdthis is a long teasdthis is a long teasdthis is a long teasdthis is a long teasdthis is a long teasdthis is a long teasdthis is a long teasdthis is a long teasdthis is a long teasdthis is a long teasdthis is a long teasdthis is a long teasdthis is a long teasdthis is a long teasdthis is a long teasdthis is a long teasdthis is a long teasdthis is a long teasdthis is a long teasdthis is a long teasdthis is a long teasdthis is a long teasd	2017-09-10 16:04:37.939+08	2017-09-10 16:04:37.939+08	2017-09-10 16:04:56.047+08	3
241	1559444720801885	2017-09-10 16:10:00+08	2017-09-10 16:40:00+08	{}	Dinner at PGP E-Canteen		2017-09-10 16:06:28.04+08	2017-09-10 16:06:28.04+08	\N	3
242	1559444720801885	2017-09-10 16:20:00+08	2017-09-10 16:50:00+08	{}	Dinner at PGP E-Canteen		2017-09-10 16:17:20.799+08	2017-09-10 16:17:20.799+08	\N	3
243	1559444720801885	2017-09-10 16:20:00+08	2017-09-10 16:50:00+08	{}	Dinner at PGP E-Canteen		2017-09-10 16:17:23.839+08	2017-09-10 16:17:23.839+08	\N	3
244	1559444720801885	2017-09-10 16:20:00+08	2017-09-10 16:50:00+08	{}	Dinner at PGP E-Canteen		2017-09-10 16:17:27.949+08	2017-09-10 16:17:27.949+08	\N	3
245	1559444720801885	2017-09-10 16:20:00+08	2017-09-10 16:50:00+08	{}	Dinner at PGP E-Canteen		2017-09-10 16:17:47.683+08	2017-09-10 16:17:47.683+08	\N	3
246	1559444720801885	2017-09-10 16:20:00+08	2017-09-10 16:50:00+08	{}	Dinner at PGP E-Canteen		2017-09-10 16:17:49.141+08	2017-09-10 16:17:49.141+08	\N	3
247	1559444720801885	2017-09-10 16:20:00+08	2017-09-10 16:50:00+08	{}	Dinner at PGP E-Canteen		2017-09-10 16:17:51.109+08	2017-09-10 16:17:51.109+08	\N	3
248	1559444720801885	2017-09-10 16:20:00+08	2017-09-10 16:50:00+08	{}	Dinner at PGP E-Canteen		2017-09-10 16:17:52.638+08	2017-09-10 16:17:52.638+08	\N	3
249	1559444720801885	2017-09-10 16:20:00+08	2017-09-10 16:50:00+08	{}	Dinner at PGP E-Canteen		2017-09-10 16:17:54.405+08	2017-09-10 16:17:54.405+08	\N	3
250	1559444720801885	2017-09-10 16:20:00+08	2017-09-10 16:50:00+08	{}	Dinner at PGP E-Canteen		2017-09-10 16:19:19.861+08	2017-09-10 16:19:19.861+08	\N	3
251	1559444720801885	2017-09-10 16:20:00+08	2017-09-10 16:50:00+08	{}	Dinner at PGP E-Canteen		2017-09-10 16:19:31.027+08	2017-09-10 16:19:31.027+08	\N	3
252	1559444720801885	2017-09-10 16:20:00+08	2017-09-10 16:50:00+08	{}	Dinner at PGP E-Canteen		2017-09-10 16:19:34.581+08	2017-09-10 16:19:34.581+08	\N	3
253	1559444720801885	2017-09-10 16:20:00+08	2017-09-10 16:50:00+08	{}	Dinner at PGP E-Canteen		2017-09-10 16:19:36.115+08	2017-09-10 16:19:36.115+08	\N	3
254	1559444720801885	2017-09-10 16:20:00+08	2017-09-10 16:50:00+08	{}	Dinner at PGP E-Canteen		2017-09-10 16:19:37.389+08	2017-09-10 16:19:37.389+08	\N	3
255	1559444720801885	2017-09-10 16:20:00+08	2017-09-10 16:50:00+08	{}	Dinner at PGP E-Canteen		2017-09-10 16:19:38.797+08	2017-09-10 16:19:38.797+08	\N	3
256	1559444720801885	2017-09-10 16:20:00+08	2017-09-10 16:50:00+08	{}	Dinner at PGP E-Canteen		2017-09-10 16:19:41.559+08	2017-09-10 16:19:41.559+08	\N	3
257	1559444720801885	2017-09-10 16:20:00+08	2017-09-10 16:50:00+08	{}	Dinner at PGP E-Canteen		2017-09-10 16:19:42.868+08	2017-09-10 16:19:42.868+08	\N	3
258	1559444720801885	2017-09-10 16:20:00+08	2017-09-10 16:50:00+08	{}	Dinner at PGP E-Canteen		2017-09-10 16:19:44.221+08	2017-09-10 16:19:44.221+08	\N	3
259	1559444720801885	2017-09-10 16:20:00+08	2017-09-10 16:50:00+08	{}	Dinner at PGP E-Canteen		2017-09-10 16:19:45.405+08	2017-09-10 16:19:45.405+08	\N	3
260	1559444720801885	2017-09-10 16:20:00+08	2017-09-10 16:50:00+08	{}	Dinner at PGP E-Canteen		2017-09-10 16:20:34.179+08	2017-09-10 16:20:34.179+08	\N	3
261	1559444720801885	2017-09-10 16:20:00+08	2017-09-10 16:50:00+08	{}	Dinner at PGP E-Canteen		2017-09-10 16:20:35.813+08	2017-09-10 16:20:35.813+08	\N	3
262	1559444720801885	2017-09-10 16:20:00+08	2017-09-10 16:50:00+08	{}	Dinner at PGP E-Canteen		2017-09-10 16:20:37.244+08	2017-09-10 16:20:37.244+08	\N	3
263	1559444720801885	2017-09-10 16:20:00+08	2017-09-10 16:50:00+08	{}	Dinner at PGP E-Canteen		2017-09-10 16:20:38.836+08	2017-09-10 16:20:38.836+08	\N	3
264	1559444720801885	2017-09-10 16:20:00+08	2017-09-10 16:50:00+08	{}	Dinner at PGP E-Canteen		2017-09-10 16:20:40.504+08	2017-09-10 16:20:40.504+08	\N	3
265	1559444720801885	2017-09-10 16:20:00+08	2017-09-10 16:50:00+08	{}	Dinner at PGP E-Canteen		2017-09-10 16:20:41.684+08	2017-09-10 16:20:41.684+08	\N	3
266	1559444720801885	2017-09-10 16:20:00+08	2017-09-10 16:50:00+08	{}	Dinner at PGP E-Canteen		2017-09-10 16:20:43.019+08	2017-09-10 16:20:43.019+08	\N	3
267	1559444720801885	2017-09-10 16:20:00+08	2017-09-10 16:50:00+08	{}	Dinner at PGP E-Canteen		2017-09-10 16:20:44.62+08	2017-09-10 16:20:44.62+08	\N	3
268	1559444720801885	2017-09-10 16:20:00+08	2017-09-10 16:50:00+08	{}	Dinner at PGP E-Canteen		2017-09-10 16:20:46.207+08	2017-09-10 16:20:46.207+08	\N	3
269	1559444720801885	2017-09-10 16:20:00+08	2017-09-10 16:50:00+08	{}	Dinner at PGP E-Canteen		2017-09-10 16:20:47.66+08	2017-09-10 16:20:47.66+08	\N	3
270	1559444720801885	2017-09-10 16:20:00+08	2017-09-10 16:50:00+08	{}	Dinner at PGP E-Canteen		2017-09-10 16:20:49.076+08	2017-09-10 16:20:49.076+08	\N	3
271	1559444720801885	2017-09-10 16:20:00+08	2017-09-10 16:50:00+08	{}	Dinner at PGP E-Canteen		2017-09-10 16:20:50.564+08	2017-09-10 16:20:50.564+08	\N	3
272	1559444720801885	2017-09-10 16:20:00+08	2017-09-10 16:50:00+08	{}	Dinner at PGP E-Canteen		2017-09-10 16:21:08.42+08	2017-09-10 16:21:08.42+08	\N	3
273	1559444720801885	2017-09-10 16:20:00+08	2017-09-10 16:50:00+08	{}	Dinner at PGP E-Canteen		2017-09-10 16:21:09.86+08	2017-09-10 16:21:09.86+08	\N	3
232	1559444720801885	2017-09-20 16:00:00+08	2017-09-20 16:30:00+08	{}	Dinner at PGP E-Canteen		2017-09-10 15:56:26.543+08	2017-09-10 15:56:26.543+08	2017-09-19 12:58:19.978+08	3
274	1559444720801885	2017-09-10 16:20:00+08	2017-09-10 16:50:00+08	{}	Dinner at PGP E-Canteen		2017-09-10 16:21:11.492+08	2017-09-10 16:21:11.492+08	\N	3
279	1559444720801885	2017-09-10 16:20:00+08	2017-09-10 16:50:00+08	{}	Dinner at PGP E-Canteen		2017-09-10 16:21:18.981+08	2017-09-10 16:21:18.981+08	\N	3
285	1559444720801885	2017-09-10 16:20:00+08	2017-09-10 16:50:00+08	{}	Dinner at PGP E-Canteen		2017-09-10 16:21:36.732+08	2017-09-10 16:21:36.732+08	\N	3
290	1559444720801885	2017-09-10 16:20:00+08	2017-09-10 16:50:00+08	{}	Dinner at PGP E-Canteen		2017-09-10 16:21:42.699+08	2017-09-10 16:21:42.699+08	\N	3
295	1559444720801885	2017-09-10 16:20:00+08	2017-09-10 16:50:00+08	{}	Dinner at PGP E-Canteen		2017-09-10 16:21:50.951+08	2017-09-10 16:21:50.951+08	\N	3
275	1559444720801885	2017-09-10 16:20:00+08	2017-09-10 16:50:00+08	{}	Dinner at PGP E-Canteen		2017-09-10 16:21:12.948+08	2017-09-10 16:21:12.948+08	\N	3
280	1559444720801885	2017-09-10 16:20:00+08	2017-09-10 16:50:00+08	{}	Dinner at PGP E-Canteen		2017-09-10 16:21:21.6+08	2017-09-10 16:21:21.6+08	\N	3
281	1559444720801885	2017-09-10 16:20:00+08	2017-09-10 16:50:00+08	{}	Dinner at PGP E-Canteen		2017-09-10 16:21:31.835+08	2017-09-10 16:21:31.835+08	\N	3
286	1559444720801885	2017-09-10 16:20:00+08	2017-09-10 16:50:00+08	{}	Dinner at PGP E-Canteen		2017-09-10 16:21:37.81+08	2017-09-10 16:21:37.81+08	\N	3
291	1559444720801885	2017-09-10 16:20:00+08	2017-09-10 16:50:00+08	{}	Dinner at PGP E-Canteen		2017-09-10 16:21:44.73+08	2017-09-10 16:21:44.73+08	\N	3
276	1559444720801885	2017-09-10 16:20:00+08	2017-09-10 16:50:00+08	{}	Dinner at PGP E-Canteen		2017-09-10 16:21:14.561+08	2017-09-10 16:21:14.561+08	\N	3
282	1559444720801885	2017-09-10 16:20:00+08	2017-09-10 16:50:00+08	{}	Dinner at PGP E-Canteen		2017-09-10 16:21:33.3+08	2017-09-10 16:21:33.3+08	\N	3
287	1559444720801885	2017-09-10 16:20:00+08	2017-09-10 16:50:00+08	{}	Dinner at PGP E-Canteen		2017-09-10 16:21:38.676+08	2017-09-10 16:21:38.676+08	\N	3
292	1559444720801885	2017-09-10 16:20:00+08	2017-09-10 16:50:00+08	{}	Dinner at PGP E-Canteen		2017-09-10 16:21:45.971+08	2017-09-10 16:21:45.971+08	\N	3
277	1559444720801885	2017-09-10 16:20:00+08	2017-09-10 16:50:00+08	{}	Dinner at PGP E-Canteen		2017-09-10 16:21:16.036+08	2017-09-10 16:21:16.036+08	\N	3
283	1559444720801885	2017-09-10 16:20:00+08	2017-09-10 16:50:00+08	{}	Dinner at PGP E-Canteen		2017-09-10 16:21:34.491+08	2017-09-10 16:21:34.491+08	\N	3
288	1559444720801885	2017-09-10 16:20:00+08	2017-09-10 16:50:00+08	{}	Dinner at PGP E-Canteen		2017-09-10 16:21:39.948+08	2017-09-10 16:21:39.948+08	\N	3
293	1559444720801885	2017-09-10 16:20:00+08	2017-09-10 16:50:00+08	{}	Dinner at PGP E-Canteen		2017-09-10 16:21:47.627+08	2017-09-10 16:21:47.627+08	\N	3
278	1559444720801885	2017-09-10 16:20:00+08	2017-09-10 16:50:00+08	{}	Dinner at PGP E-Canteen		2017-09-10 16:21:17.571+08	2017-09-10 16:21:17.571+08	\N	3
284	1559444720801885	2017-09-10 16:20:00+08	2017-09-10 16:50:00+08	{}	Dinner at PGP E-Canteen		2017-09-10 16:21:35.619+08	2017-09-10 16:21:35.619+08	\N	3
289	1559444720801885	2017-09-10 16:20:00+08	2017-09-10 16:50:00+08	{}	Dinner at PGP E-Canteen		2017-09-10 16:21:41.276+08	2017-09-10 16:21:41.276+08	\N	3
294	1559444720801885	2017-09-10 16:20:00+08	2017-09-10 16:50:00+08	{}	Dinner at PGP E-Canteen		2017-09-10 16:21:49.515+08	2017-09-10 16:21:49.515+08	\N	3
296	1559444720801885	2017-09-10 16:20:00+08	2017-09-10 16:50:00+08	{}	Dinner at PGP E-Canteen		2017-09-10 16:21:58.986+08	2017-09-10 16:21:58.986+08	\N	3
297	1559444720801885	2017-09-10 16:20:00+08	2017-09-10 16:50:00+08	{}	Dinner at PGP E-Canteen		2017-09-10 16:22:00.355+08	2017-09-10 16:22:00.355+08	\N	3
298	1559444720801885	2017-09-10 16:20:00+08	2017-09-10 16:50:00+08	{}	Dinner at PGP E-Canteen		2017-09-10 16:22:01.811+08	2017-09-10 16:22:01.811+08	\N	3
299	1559444720801885	2017-09-10 16:20:00+08	2017-09-10 16:50:00+08	{}	Dinner at PGP E-Canteen		2017-09-10 16:22:03.292+08	2017-09-10 16:22:03.292+08	\N	3
300	1559444720801885	2017-09-10 16:20:00+08	2017-09-10 16:50:00+08	{}	Dinner at PGP E-Canteen		2017-09-10 16:22:04.627+08	2017-09-10 16:22:04.627+08	\N	3
301	1559444720801885	2017-09-10 16:20:00+08	2017-09-10 16:50:00+08	{}	Dinner at PGP E-Canteen		2017-09-10 16:22:05.899+08	2017-09-10 16:22:05.899+08	\N	3
302	1559444720801885	2017-09-10 16:20:00+08	2017-09-10 16:50:00+08	{}	Dinner at PGP E-Canteen		2017-09-10 16:22:07.243+08	2017-09-10 16:22:07.243+08	\N	6
303	1559444720801885	2017-09-10 16:20:00+08	2017-09-10 16:50:00+08	{}	Dinner at PGP E-Canteen		2017-09-10 16:22:08.483+08	2017-09-10 16:22:08.483+08	\N	6
304	1559444720801885	2017-09-10 16:20:00+08	2017-09-10 16:50:00+08	{}	Dinner at PGP E-Canteen		2017-09-10 16:22:09.84+08	2017-09-10 16:22:09.84+08	\N	6
305	1559444720801885	2017-09-10 16:20:00+08	2017-09-10 16:50:00+08	{}	Dinner at PGP E-Canteen		2017-09-10 16:22:37.263+08	2017-09-10 16:22:37.263+08	\N	3
306	1559444720801885	2017-09-10 16:20:00+08	2017-09-10 16:50:00+08	{}	Dinner at PGP E-Canteen		2017-09-10 16:22:38.963+08	2017-09-10 16:22:38.963+08	\N	3
307	1559444720801885	2017-09-10 16:20:00+08	2017-09-10 16:50:00+08	{}	Dinner at PGP E-Canteen		2017-09-10 16:22:40.779+08	2017-09-10 16:22:40.779+08	\N	3
308	1559444720801885	2017-09-10 16:20:00+08	2017-09-10 16:50:00+08	{}	Dinner at PGP E-Canteen		2017-09-10 16:22:42.517+08	2017-09-10 16:22:42.517+08	\N	3
309	1559444720801885	2017-09-10 16:20:00+08	2017-09-10 16:50:00+08	{}	Dinner at PGP E-Canteen		2017-09-10 16:22:45.068+08	2017-09-10 16:22:45.068+08	\N	3
310	1559444720801885	2017-09-10 16:20:00+08	2017-09-10 16:50:00+08	{}	Dinner at PGP E-Canteen		2017-09-10 16:22:46.981+08	2017-09-10 16:22:46.981+08	\N	6
311	1559444720801885	2017-09-10 16:20:00+08	2017-09-10 16:50:00+08	{}	Dinner at PGP E-Canteen		2017-09-10 16:22:48.126+08	2017-09-10 16:22:48.126+08	\N	6
312	1559444720801885	2017-09-10 16:20:00+08	2017-09-10 16:50:00+08	{}	Dinner at PGP E-Canteen		2017-09-10 16:22:49.355+08	2017-09-10 16:22:49.355+08	\N	6
313	1559444720801885	2017-09-10 16:20:00+08	2017-09-10 16:50:00+08	{}	Dinner at PGP E-Canteen		2017-09-10 16:22:50.515+08	2017-09-10 16:22:50.515+08	\N	6
314	1559444720801885	2017-09-10 16:20:00+08	2017-09-10 16:50:00+08	{}	Dinner at PGP E-Canteen		2017-09-10 16:22:52.387+08	2017-09-10 16:22:52.387+08	\N	6
315	1559444720801885	2017-09-10 16:50:00+08	2017-09-10 17:20:00+08	{}	Dinner at undefined		2017-09-10 16:26:30.202+08	2017-09-10 16:26:30.202+08	\N	3
316	1559444720801885	2017-09-10 16:30:00+08	2017-09-10 17:00:00+08	{}	Dinner at undefined		2017-09-10 16:26:51.117+08	2017-09-10 16:26:51.117+08	\N	3
317	1559444720801885	2017-09-10 16:28:03+08	2017-09-10 16:28:03+08	{}			2017-09-10 16:28:00.384+08	2017-09-10 16:28:00.384+08	\N	3
318	1559444720801885	2017-09-10 16:28:06+08	2017-09-10 16:28:06+08	{}			2017-09-10 16:28:03.248+08	2017-09-10 16:28:03.248+08	\N	3
319	1559444720801885	2017-09-10 16:28:09+08	2017-09-10 16:28:09+08	{}			2017-09-10 16:28:06.975+08	2017-09-10 16:28:06.975+08	\N	3
320	1559444720801885	2017-09-10 16:28:13+08	2017-09-10 16:28:13+08	{}			2017-09-10 16:28:11.152+08	2017-09-10 16:28:11.152+08	\N	3
321	1559444720801885	2017-09-10 16:28:20+08	2017-09-10 16:28:20+08	{}			2017-09-10 16:28:17.546+08	2017-09-10 16:28:17.546+08	\N	3
322	1559444720801885	2017-09-10 16:28:24+08	2017-09-10 16:28:24+08	{}			2017-09-10 16:28:21.424+08	2017-09-10 16:28:21.424+08	\N	6
323	1559444720801885	2017-09-10 16:29:27+08	2017-09-10 16:29:27+08	{}	Dinner at undefined		2017-09-10 16:29:24.913+08	2017-09-10 16:29:24.913+08	\N	3
324	1559444720801885	2017-09-10 16:29:43+08	2017-09-10 16:29:43+08	{}	Dinner at undefined		2017-09-10 16:29:40.631+08	2017-09-10 16:29:40.631+08	\N	3
325	1559444720801885	2017-09-10 16:29:59+08	2017-09-10 16:29:59+08	{}	Dinner at undefined		2017-09-10 16:29:56.943+08	2017-09-10 16:29:56.943+08	\N	3
326	1559444720801885	2017-09-10 16:30:18+08	2017-09-10 16:30:18+08	{}	Dinner at undefined		2017-09-10 16:30:16.003+08	2017-09-10 16:30:16.003+08	\N	3
327	1559444720801885	2017-09-10 16:31:25+08	2017-09-10 16:31:25+08	{}	Dinner at undefined		2017-09-10 16:31:23.085+08	2017-09-10 16:31:23.085+08	\N	3
328	1559444720801885	2017-09-10 16:31:41+08	2017-09-10 16:31:41+08	{}	Dinner at undefined		2017-09-10 16:31:38.939+08	2017-09-10 16:31:38.939+08	\N	3
329	1559444720801885	2017-09-10 16:31:54+08	2017-09-10 16:31:54+08	{}	Dinner at undefined		2017-09-10 16:31:52.562+08	2017-09-10 16:31:52.562+08	\N	3
330	1559444720801885	2017-09-10 16:32:06+08	2017-09-10 16:32:06+08	{}	Dinner at undefined		2017-09-10 16:32:03.279+08	2017-09-10 16:32:03.279+08	\N	3
331	1559444720801885	2017-09-10 16:33:26+08	2017-09-10 16:33:26+08	{}	Dinner at undefined		2017-09-10 16:33:23.278+08	2017-09-10 16:33:23.278+08	\N	3
332	1559444720801885	2017-09-10 16:35:17+08	2017-09-10 16:35:17+08	{}	Dinner at undefined		2017-09-10 16:35:15.021+08	2017-09-10 16:35:15.021+08	\N	3
333	1559444720801885	2017-09-10 16:35:42+08	2017-09-10 16:35:42+08	{}	Dinner at undefined		2017-09-10 16:35:39.807+08	2017-09-10 16:35:39.807+08	\N	3
334	1559444720801885	2017-09-10 16:35:45+08	2017-09-10 16:35:45+08	{}	Dinner at undefined		2017-09-10 16:35:42.589+08	2017-09-10 16:35:42.589+08	\N	3
335	1559444720801885	2017-09-10 16:35:49+08	2017-09-10 16:35:49+08	{}	Dinner at undefined		2017-09-10 16:35:46.47+08	2017-09-10 16:35:46.47+08	\N	3
336	1559444720801885	2017-09-10 16:36:11+08	2017-09-10 16:36:11+08	{}	Dinner at undefined		2017-09-10 16:36:08.96+08	2017-09-10 16:36:08.96+08	\N	3
337	1559444720801885	2017-09-10 16:37:12+08	2017-09-10 16:37:12+08	{}	Dinner at undefined		2017-09-10 16:37:09.742+08	2017-09-10 16:37:09.742+08	\N	3
338	1559444720801885	2017-09-10 16:38:44+08	2017-09-10 16:38:44+08	{}			2017-09-10 16:38:42.005+08	2017-09-10 16:38:42.005+08	\N	3
339	1559444720801885	2017-09-10 16:38:47+08	2017-09-10 16:38:47+08	{}			2017-09-10 16:38:44.883+08	2017-09-10 16:38:44.883+08	\N	3
340	1559444720801885	2017-09-10 16:38:52+08	2017-09-10 16:38:52+08	{}			2017-09-10 16:38:49.304+08	2017-09-10 16:38:49.304+08	\N	3
341	1559444720801885	2017-09-10 16:39:35+08	2017-09-10 16:39:35+08	{}	Dinner at undefined		2017-09-10 16:39:33.004+08	2017-09-10 16:39:33.004+08	\N	3
342	1559444720801885	2017-09-10 16:39:39+08	2017-09-10 16:39:39+08	{}	Dinner at undefined		2017-09-10 16:39:36.451+08	2017-09-10 16:39:36.451+08	\N	6
343	1559444720801885	2017-09-10 16:39:42+08	2017-09-10 16:39:42+08	{}	Dinner at undefined		2017-09-10 16:39:39.703+08	2017-09-10 16:39:39.703+08	\N	6
344	1559444720801885	2017-09-10 16:40:05+08	2017-09-10 16:40:05+08	{}	Dinner at undefined		2017-09-10 16:40:02.247+08	2017-09-10 16:40:02.247+08	\N	3
345	1559444720801885	2017-09-10 16:40:08+08	2017-09-10 16:40:08+08	{}	Dinner at undefined		2017-09-10 16:40:05.842+08	2017-09-10 16:40:05.842+08	\N	3
346	1559444720801885	2017-09-10 16:40:11+08	2017-09-10 16:40:11+08	{}	Dinner at undefined		2017-09-10 16:40:09.046+08	2017-09-10 16:40:09.046+08	\N	3
347	1559444720801885	2017-09-10 16:40:39+08	2017-09-10 16:40:39+08	{}	Dinner at undefined		2017-09-10 16:40:40.518+08	2017-09-10 16:40:40.518+08	\N	3
348	1559444720801885	2017-09-10 16:40:40+08	2017-09-10 16:40:40+08	{}	Dinner at undefined		2017-09-10 16:40:40.524+08	2017-09-10 16:40:40.524+08	\N	3
349	1559444720801885	2017-09-10 16:41:11+08	2017-09-10 16:41:11+08	{}	Dinner at undefined		2017-09-10 16:41:09.102+08	2017-09-10 16:41:09.102+08	\N	3
350	1559444720801885	2017-09-10 16:41:52+08	2017-09-10 16:41:52+08	{}			2017-09-10 16:41:49.597+08	2017-09-10 16:41:49.597+08	\N	3
351	1559444720801885	2017-09-10 16:41:56+08	2017-09-10 16:41:56+08	{}			2017-09-10 16:41:53.241+08	2017-09-10 16:41:53.241+08	\N	3
352	1559444720801885	2017-09-10 16:41:59+08	2017-09-10 16:41:59+08	{}			2017-09-10 16:41:56.292+08	2017-09-10 16:41:56.292+08	\N	3
353	1559444720801885	2017-09-10 16:42:02+08	2017-09-10 16:42:02+08	{}			2017-09-10 16:41:59.857+08	2017-09-10 16:41:59.857+08	\N	3
354	1559444720801885	2017-09-10 16:42:05+08	2017-09-10 16:42:05+08	{}			2017-09-10 16:42:02.387+08	2017-09-10 16:42:02.387+08	\N	3
355	1559444720801885	2017-09-10 16:42:07+08	2017-09-10 16:42:07+08	{}			2017-09-10 16:42:05.066+08	2017-09-10 16:42:05.066+08	\N	3
356	1559444720801885	2017-09-10 16:42:11+08	2017-09-10 16:42:11+08	{}			2017-09-10 16:42:08.237+08	2017-09-10 16:42:08.237+08	\N	3
357	1559444720801885	2017-09-10 16:42:41+08	2017-09-10 16:42:41+08	{}			2017-09-10 16:42:38.765+08	2017-09-10 16:42:38.765+08	\N	3
358	1559444720801885	2017-09-10 16:42:44+08	2017-09-10 16:42:44+08	{}			2017-09-10 16:42:41.306+08	2017-09-10 16:42:41.306+08	\N	3
359	1559444720801885	2017-09-10 16:42:49+08	2017-09-10 16:42:49+08	{}			2017-09-10 16:42:52.385+08	2017-09-10 16:42:52.385+08	\N	3
360	1559444720801885	2017-09-10 16:42:50+08	2017-09-10 16:42:50+08	{}			2017-09-10 16:42:52.39+08	2017-09-10 16:42:52.39+08	\N	3
361	1559444720801885	2017-09-10 16:43:26+08	2017-09-10 16:43:26+08	{}			2017-09-10 16:43:23.64+08	2017-09-10 16:43:23.64+08	\N	3
362	1559444720801885	2017-09-10 16:43:29+08	2017-09-10 16:43:29+08	{}			2017-09-10 16:43:26.465+08	2017-09-10 16:43:26.465+08	\N	3
363	1559444720801885	2017-09-10 16:43:32+08	2017-09-10 16:43:32+08	{}			2017-09-10 16:43:29.436+08	2017-09-10 16:43:29.436+08	\N	3
364	1559444720801885	2017-09-10 16:43:34+08	2017-09-10 16:43:34+08	{}			2017-09-10 16:43:32.049+08	2017-09-10 16:43:32.049+08	\N	3
365	1559444720801885	2017-09-10 16:43:37+08	2017-09-10 16:43:37+08	{}			2017-09-10 16:43:35.158+08	2017-09-10 16:43:35.158+08	\N	3
366	1559444720801885	2017-09-10 16:43:41+08	2017-09-10 16:43:41+08	{}			2017-09-10 16:43:38.281+08	2017-09-10 16:43:38.281+08	\N	3
367	1559444720801885	2017-09-10 16:44:19+08	2017-09-10 16:44:19+08	{}	Dinner at undefined		2017-09-10 16:44:16.96+08	2017-09-10 16:44:16.96+08	\N	3
368	1559444720801885	2017-09-10 16:44:33+08	2017-09-10 16:44:33+08	{}	Dinner at undefined		2017-09-10 16:44:30.712+08	2017-09-10 16:44:30.712+08	\N	3
369	1559444720801885	2017-09-10 16:44:36+08	2017-09-10 16:44:36+08	{}	Dinner at undefined		2017-09-10 16:44:33.283+08	2017-09-10 16:44:33.283+08	\N	3
370	1559444720801885	2017-09-10 16:45:26+08	2017-09-10 16:45:26+08	{}	Dinner at undefined		2017-09-10 16:45:23.495+08	2017-09-10 16:45:23.495+08	\N	3
371	1559444720801885	2017-09-10 16:45:48+08	2017-09-10 16:45:48+08	{}	Dinner at undefined		2017-09-10 16:45:45.427+08	2017-09-10 16:45:45.427+08	\N	3
372	1559444720801885	2017-09-10 16:45:52+08	2017-09-10 17:15:52+08	{}	Dinner at undefined		2017-09-10 16:45:50.156+08	2017-09-10 16:45:50.156+08	\N	3
373	1559444720801885	2017-09-10 16:45:53+08	2017-09-10 17:15:53+08	{}	Dinner at undefined		2017-09-10 16:45:51.797+08	2017-09-10 16:45:51.797+08	\N	3
374	1559444720801885	2017-09-10 16:46:29+08	2017-09-10 17:16:29+08	{}	Dinner at undefined		2017-09-10 16:46:26.472+08	2017-09-10 16:46:26.472+08	\N	3
375	1559444720801885	2017-09-10 16:46:44+08	2017-09-10 17:16:44+08	{}	Dinner at undefined		2017-09-10 16:46:41.579+08	2017-09-10 16:46:41.579+08	\N	3
376	1559444720801885	2017-09-10 16:49:19+08	2017-09-10 17:19:19+08	{}	Dinner at undefined		2017-09-10 16:49:16.584+08	2017-09-10 16:49:16.584+08	\N	3
377	1559444720801885	2017-09-10 16:49:29+08	2017-09-10 17:19:29+08	{}	Dinner at undefined	\N	2017-09-10 16:49:26.522+08	2017-09-10 16:49:26.522+08	\N	3
378	1559444720801885	2017-09-10 16:49:46+08	2017-09-10 17:19:46+08	{}	Dinner at undefined	\N	2017-09-10 16:49:43.904+08	2017-09-10 16:49:43.904+08	\N	3
379	1559444720801885	2017-09-10 16:50:46+08	2017-09-10 17:20:46+08	{}	Dinner at undefined	\N	2017-09-10 16:50:43.407+08	2017-09-10 16:50:43.407+08	\N	3
380	1559444720801885	2017-09-10 16:50:58+08	2017-09-10 17:20:58+08	{}	Dinner at undefined	\N	2017-09-10 16:50:55.698+08	2017-09-10 16:50:55.698+08	\N	3
381	1559444720801885	2017-09-10 16:51:00+08	2017-09-10 17:21:00+08	{}	Dinner at undefined	\N	2017-09-10 16:50:57.239+08	2017-09-10 16:50:57.239+08	\N	3
382	1559444720801885	2017-09-10 16:51:01+08	2017-09-10 17:21:01+08	{}	Dinner at undefined	\N	2017-09-10 16:50:58.438+08	2017-09-10 16:50:58.438+08	\N	3
383	1559444720801885	2017-09-10 16:51:02+08	2017-09-10 17:21:02+08	{}	Dinner at undefined	\N	2017-09-10 16:50:59.509+08	2017-09-10 16:50:59.509+08	\N	3
384	1559444720801885	2017-09-10 16:51:07+08	2017-09-10 17:21:07+08	{}	Dinner at undefined	\N	2017-09-10 16:51:04.621+08	2017-09-10 16:51:04.621+08	\N	3
385	1559444720801885	2017-09-10 16:51:09+08	2017-09-10 17:21:09+08	{}	Dinner at undefined	\N	2017-09-10 16:51:06.701+08	2017-09-10 16:51:06.701+08	\N	3
386	1559444720801885	2017-09-10 16:51:11+08	2017-09-10 17:21:11+08	{}	Dinner at undefined	\N	2017-09-10 16:51:08.166+08	2017-09-10 16:51:08.166+08	\N	3
387	1559444720801885	2017-09-10 16:51:12+08	2017-09-10 17:21:12+08	{}	Dinner at undefined	\N	2017-09-10 16:51:09.855+08	2017-09-10 16:51:09.855+08	\N	3
388	1559444720801885	2017-09-10 16:51:18+08	2017-09-10 17:21:18+08	{}	Dinner at undefined	\N	2017-09-10 16:51:15.763+08	2017-09-10 16:51:15.763+08	\N	3
389	1559444720801885	2017-09-10 16:51:20+08	2017-09-10 17:21:20+08	{}	Dinner at undefined	\N	2017-09-10 16:51:17.727+08	2017-09-10 16:51:17.727+08	\N	3
390	1559444720801885	2017-09-10 16:52:14+08	2017-09-10 16:57:14+08	{}	Dinner at undefined	\N	2017-09-10 16:52:11.806+08	2017-09-10 16:52:11.806+08	\N	\N
391	1559444720801885	2017-09-10 16:52:16+08	2017-09-10 16:57:16+08	{}	Dinner at undefined	\N	2017-09-10 16:52:13.181+08	2017-09-10 16:52:13.181+08	\N	\N
392	1559444720801885	2017-09-10 16:52:17+08	2017-09-10 16:57:17+08	{}	Dinner at undefined	\N	2017-09-10 16:52:14.645+08	2017-09-10 16:52:14.645+08	\N	\N
393	1559444720801885	2017-09-10 16:52:19+08	2017-09-10 16:57:19+08	{}	Dinner at undefined	\N	2017-09-10 16:52:16.702+08	2017-09-10 16:52:16.702+08	\N	\N
394	1559444720801885	2017-09-10 16:52:20+08	2017-09-10 16:57:20+08	{}	Dinner at undefined	\N	2017-09-10 16:52:17.901+08	2017-09-10 16:52:17.901+08	\N	\N
395	1559444720801885	2017-09-10 16:52:22+08	2017-09-10 16:57:22+08	{}	Dinner at undefined	\N	2017-09-10 16:52:19.365+08	2017-09-10 16:52:19.365+08	\N	\N
396	1559444720801885	2017-09-10 16:52:24+08	2017-09-10 16:57:24+08	{}	Dinner at undefined	\N	2017-09-10 16:52:21.903+08	2017-09-10 16:52:21.903+08	\N	\N
397	1559444720801885	2017-09-10 16:52:45+08	2017-09-10 16:57:45+08	{}	asd	\N	2017-09-10 16:52:42.433+08	2017-09-10 16:52:42.433+08	\N	\N
398	1559444720801885	2017-09-10 16:54:53+08	2017-09-10 17:04:53+08	{}	asd	\N	2017-09-10 16:54:51.171+08	2017-09-10 16:54:51.171+08	\N	\N
399	1559444720801885	2017-09-10 16:54:58+08	2017-09-10 17:04:58+08	{}	asd	\N	2017-09-10 16:54:55.396+08	2017-09-10 16:54:55.396+08	\N	\N
400	1559444720801885	2017-09-10 16:55:03+08	2017-09-10 17:05:03+08	{}	asd	\N	2017-09-10 16:55:00.809+08	2017-09-10 16:55:00.809+08	\N	\N
401	1559444720801885	2017-09-10 16:55:59+08	2017-09-10 17:05:59+08	{}	asd	\N	2017-09-10 16:55:57.555+08	2017-09-10 16:55:57.555+08	\N	\N
402	1559444720801885	2017-09-10 16:55:59+08	2017-09-10 17:05:59+08	{}	asd	\N	2017-09-10 16:55:57.584+08	2017-09-10 16:55:57.584+08	\N	\N
403	1559444720801885	2017-09-10 16:56:01+08	2017-09-10 17:06:01+08	{}	asd	\N	2017-09-10 16:55:58.948+08	2017-09-10 16:55:58.948+08	\N	\N
404	1559444720801885	2017-09-10 16:56:03+08	2017-09-10 17:06:03+08	{}	asd	\N	2017-09-10 16:56:00.507+08	2017-09-10 16:56:00.507+08	\N	\N
405	1559444720801885	2017-09-10 16:56:05+08	2017-09-10 17:06:05+08	{}	asd	\N	2017-09-10 16:56:02.475+08	2017-09-10 16:56:02.475+08	\N	\N
406	1559444720801885	2017-09-10 16:56:07+08	2017-09-10 17:06:07+08	{}	asd	\N	2017-09-10 16:56:04.71+08	2017-09-10 16:56:04.71+08	\N	\N
407	1559444720801885	2017-09-10 17:01:00+08	2017-09-10 17:11:00+08	{}	asd	\N	2017-09-10 17:00:57.316+08	2017-09-10 17:00:57.316+08	\N	\N
408	1559444720801885	2017-09-10 17:02:24+08	2017-09-10 17:12:24+08	{}	asd	\N	2017-09-10 17:02:21.76+08	2017-09-10 17:02:21.76+08	\N	\N
409	1559444720801885	2017-09-10 17:02:28+08	2017-09-10 17:12:28+08	{}	asd	\N	2017-09-10 17:02:25.9+08	2017-09-10 17:02:25.9+08	\N	\N
410	1559444720801885	2017-09-10 17:03:00+08	2017-09-10 17:13:00+08	{}	asd	\N	2017-09-10 17:02:58.146+08	2017-09-10 17:02:58.146+08	\N	\N
411	1559444720801885	2017-09-10 17:03:27+08	2017-09-10 17:13:27+08	{}	asd	\N	2017-09-10 17:03:24.893+08	2017-09-10 17:03:24.893+08	\N	\N
412	1559444720801885	2017-09-10 17:03:29+08	2017-09-10 17:13:29+08	{}	asd	\N	2017-09-10 17:03:26.744+08	2017-09-10 17:03:26.744+08	\N	\N
413	1559444720801885	2017-09-10 17:03:30+08	2017-09-10 17:13:30+08	{}	asd	\N	2017-09-10 17:03:27.968+08	2017-09-10 17:03:27.968+08	\N	\N
414	1559444720801885	2017-09-10 17:03:31+08	2017-09-10 17:13:31+08	{}	asd	\N	2017-09-10 17:03:29.073+08	2017-09-10 17:03:29.073+08	\N	\N
415	1559444720801885	2017-09-10 17:03:39+08	2017-09-10 17:13:39+08	{}	asd	\N	2017-09-10 17:03:36.405+08	2017-09-10 17:03:36.405+08	\N	\N
416	1559444720801885	2017-09-10 17:03:40+08	2017-09-10 17:13:40+08	{}	asd	\N	2017-09-10 17:03:37.632+08	2017-09-10 17:03:37.632+08	\N	\N
417	1559444720801885	2017-09-10 17:03:41+08	2017-09-10 17:13:41+08	{}	asd	\N	2017-09-10 17:03:38.727+08	2017-09-10 17:03:38.727+08	\N	\N
418	1559444720801885	2017-09-10 17:03:42+08	2017-09-10 17:13:42+08	{}	asd	\N	2017-09-10 17:03:39.792+08	2017-09-10 17:03:39.792+08	\N	\N
419	1559444720801885	2017-09-10 17:03:44+08	2017-09-10 17:13:44+08	{}	asd	\N	2017-09-10 17:03:41.249+08	2017-09-10 17:03:41.249+08	\N	\N
420	1559444720801885	2017-09-10 17:03:45+08	2017-09-10 17:13:45+08	{}	asd	\N	2017-09-10 17:03:42.451+08	2017-09-10 17:03:42.451+08	\N	\N
422	1559444720801885	2017-09-10 17:03:48+08	2017-09-10 17:13:48+08	{}	asd	\N	2017-09-10 17:03:46.119+08	2017-09-10 17:03:46.119+08	\N	\N
421	1559444720801885	2017-09-10 17:03:46+08	2017-09-10 17:13:46+08	{}	asd	\N	2017-09-10 17:03:43.519+08	2017-09-10 17:03:43.519+08	\N	\N
423	1559444720801885	2017-09-10 17:03:54+08	2017-09-10 17:13:54+08	{}	asd	\N	2017-09-10 17:03:52.045+08	2017-09-10 17:03:52.045+08	\N	\N
424	1559444720801885	2017-09-10 17:03:59+08	2017-09-10 17:13:59+08	{}	asd	\N	2017-09-10 17:03:56.72+08	2017-09-10 17:03:56.72+08	\N	\N
425	1559444720801885	2017-09-10 17:04:01+08	2017-09-10 17:14:01+08	{}	asd	\N	2017-09-10 17:03:58.321+08	2017-09-10 17:03:58.321+08	\N	\N
426	1559444720801885	2017-09-10 17:04:02+08	2017-09-10 17:14:02+08	{}	asd	\N	2017-09-10 17:03:59.687+08	2017-09-10 17:03:59.687+08	\N	\N
427	1559444720801885	2017-09-10 17:04:03+08	2017-09-10 17:14:03+08	{}	asd	\N	2017-09-10 17:04:00.84+08	2017-09-10 17:04:00.84+08	\N	\N
428	1559444720801885	2017-09-10 17:04:04+08	2017-09-10 17:14:04+08	{}	asd	\N	2017-09-10 17:04:01.984+08	2017-09-10 17:04:01.984+08	\N	\N
429	1559444720801885	2017-09-10 17:04:06+08	2017-09-10 17:14:06+08	{}	asd	\N	2017-09-10 17:04:03.168+08	2017-09-10 17:04:03.168+08	\N	\N
430	1559444720801885	2017-09-10 17:04:07+08	2017-09-10 17:14:07+08	{}	asd	\N	2017-09-10 17:04:04.361+08	2017-09-10 17:04:04.361+08	\N	\N
431	1559444720801885	2017-09-10 17:04:54+08	2017-09-10 17:14:54+08	{}	asd	\N	2017-09-10 17:04:51.366+08	2017-09-10 17:04:51.366+08	\N	\N
432	1559444720801885	2017-09-10 17:04:56+08	2017-09-10 17:14:56+08	{}	asd	\N	2017-09-10 17:04:53.399+08	2017-09-10 17:04:53.399+08	\N	\N
433	1559444720801885	2017-09-10 17:04:57+08	2017-09-10 17:14:57+08	{}	asd	\N	2017-09-10 17:04:55.072+08	2017-09-10 17:04:55.072+08	\N	\N
434	1559444720801885	2017-09-10 17:04:59+08	2017-09-10 17:14:59+08	{}	asd	\N	2017-09-10 17:04:56.272+08	2017-09-10 17:04:56.272+08	\N	\N
435	1559444720801885	2017-09-10 17:05:00+08	2017-09-10 17:15:00+08	{}	asd	\N	2017-09-10 17:04:57.428+08	2017-09-10 17:04:57.428+08	\N	\N
436	1559444720801885	2017-09-10 17:05:37+08	2017-09-10 17:15:37+08	{}	asd	\N	2017-09-10 17:05:35.121+08	2017-09-10 17:05:35.121+08	\N	\N
437	1559444720801885	2017-09-10 17:08:42+08	2017-09-10 17:18:42+08	{}	asd	\N	2017-09-10 17:08:40.142+08	2017-09-10 17:08:40.142+08	\N	\N
438	1559444720801885	2017-09-10 17:10:27+08	2017-09-10 17:20:27+08	{}	asd	\N	2017-09-10 17:10:25.073+08	2017-09-10 17:10:25.073+08	\N	\N
439	1559444720801885	2017-09-10 17:10:29+08	2017-09-10 17:20:29+08	{}	asd	\N	2017-09-10 17:10:26.869+08	2017-09-10 17:10:26.869+08	\N	\N
440	1559444720801885	2017-09-10 17:10:30+08	2017-09-10 17:20:30+08	{}	asd	\N	2017-09-10 17:10:27.989+08	2017-09-10 17:10:27.989+08	\N	\N
441	1559444720801885	2017-09-10 17:10:31+08	2017-09-10 17:20:31+08	{}	asd	\N	2017-09-10 17:10:28.836+08	2017-09-10 17:10:28.836+08	\N	\N
442	1559444720801885	2017-09-10 17:10:32+08	2017-09-10 17:20:32+08	{}	asd	\N	2017-09-10 17:10:29.806+08	2017-09-10 17:10:29.806+08	\N	\N
443	1559444720801885	2017-09-10 17:10:33+08	2017-09-10 17:20:33+08	{}	asd	\N	2017-09-10 17:10:30.836+08	2017-09-10 17:10:30.836+08	\N	\N
444	1559444720801885	2017-09-10 17:12:56+08	2017-09-10 17:22:56+08	{}	asd	\N	2017-09-10 17:12:54.095+08	2017-09-10 17:12:54.095+08	\N	\N
445	1559444720801885	2017-09-10 17:13:51+08	2017-09-10 17:23:51+08	{}	asd	\N	2017-09-10 17:13:48.55+08	2017-09-10 17:13:48.55+08	\N	\N
446	1559444720801885	2017-09-10 17:13:52+08	2017-09-10 17:23:52+08	{}	asd	\N	2017-09-10 17:13:49.531+08	2017-09-10 17:13:49.531+08	\N	\N
447	1559444720801885	2017-09-10 17:13:53+08	2017-09-10 17:23:53+08	{}	asd	\N	2017-09-10 17:13:50.195+08	2017-09-10 17:13:50.195+08	\N	\N
448	1559444720801885	2017-09-10 17:13:53+08	2017-09-10 17:23:53+08	{}	asd	\N	2017-09-10 17:13:50.683+08	2017-09-10 17:13:50.683+08	\N	\N
449	1559444720801885	2017-09-10 17:13:54+08	2017-09-10 17:23:54+08	{}	asd	\N	2017-09-10 17:13:51.458+08	2017-09-10 17:13:51.458+08	\N	\N
450	1559444720801885	2017-09-10 17:13:54+08	2017-09-10 17:23:54+08	{}	asd	\N	2017-09-10 17:13:52.051+08	2017-09-10 17:13:52.051+08	\N	\N
451	1559444720801885	2017-09-10 17:13:55+08	2017-09-10 17:23:55+08	{}	asd	\N	2017-09-10 17:13:52.804+08	2017-09-10 17:13:52.804+08	\N	\N
452	1559444720801885	2017-09-10 17:14:13+08	2017-09-10 17:24:13+08	{}	asd	\N	2017-09-10 17:14:10.413+08	2017-09-10 17:14:10.413+08	\N	\N
453	1559444720801885	2017-09-10 17:14:14+08	2017-09-10 17:24:14+08	{}	asd	\N	2017-09-10 17:14:11.675+08	2017-09-10 17:14:11.675+08	\N	\N
454	1559444720801885	2017-09-10 17:14:15+08	2017-09-10 17:24:15+08	{}	asd	\N	2017-09-10 17:14:12.603+08	2017-09-10 17:14:12.603+08	\N	\N
455	1559444720801885	2017-09-10 17:14:16+08	2017-09-10 17:24:16+08	{}	asd	\N	2017-09-10 17:14:13.891+08	2017-09-10 17:14:13.891+08	\N	\N
456	1559444720801885	2017-09-10 17:14:18+08	2017-09-10 17:24:18+08	{}	asd	\N	2017-09-10 17:14:15.588+08	2017-09-10 17:14:15.588+08	\N	\N
457	1559444720801885	2017-09-10 17:14:19+08	2017-09-10 17:24:19+08	{}	asd	\N	2017-09-10 17:14:16.788+08	2017-09-10 17:14:16.788+08	\N	\N
458	1559444720801885	2017-09-10 17:14:21+08	2017-09-10 17:24:21+08	{}	asd	\N	2017-09-10 17:14:18.155+08	2017-09-10 17:14:18.155+08	\N	\N
459	1559444720801885	2017-09-10 17:14:22+08	2017-09-10 17:24:22+08	{}	asd	\N	2017-09-10 17:14:20.018+08	2017-09-10 17:14:20.018+08	\N	\N
460	1559444720801885	2017-09-10 17:14:24+08	2017-09-10 17:24:24+08	{}	asd	\N	2017-09-10 17:14:21.216+08	2017-09-10 17:14:21.216+08	\N	\N
461	1559444720801885	2017-09-10 17:14:25+08	2017-09-10 17:24:25+08	{}	asd	\N	2017-09-10 17:14:22.171+08	2017-09-10 17:14:22.171+08	\N	\N
462	1559444720801885	2017-09-10 17:14:26+08	2017-09-10 17:24:26+08	{}	asd	\N	2017-09-10 17:14:23.484+08	2017-09-10 17:14:23.484+08	\N	\N
463	1559444720801885	2017-09-10 17:15:04+08	2017-09-10 17:25:04+08	{}	asd	\N	2017-09-10 17:15:01.944+08	2017-09-10 17:15:01.944+08	\N	\N
464	1559444720801885	2017-09-10 17:15:32+08	2017-09-10 17:25:32+08	{}	asd	\N	2017-09-10 17:15:29.192+08	2017-09-10 17:15:29.192+08	\N	\N
465	1559444720801885	2017-09-10 17:15:33+08	2017-09-10 17:25:33+08	{}	asd	\N	2017-09-10 17:15:30.97+08	2017-09-10 17:15:30.97+08	\N	\N
466	1559444720801885	2017-09-10 17:17:54+08	2017-09-10 17:27:54+08	{}	asd	\N	2017-09-10 17:17:51.229+08	2017-09-10 17:17:51.229+08	\N	\N
467	1559444720801885	2017-09-10 17:17:56+08	2017-09-10 17:27:56+08	{}	asd	\N	2017-09-10 17:17:53.233+08	2017-09-10 17:17:53.233+08	\N	\N
468	1559444720801885	2017-09-10 17:17:58+08	2017-09-10 17:27:58+08	{}	asd	\N	2017-09-10 17:17:55.562+08	2017-09-10 17:17:55.562+08	\N	\N
469	1559444720801885	2017-09-10 17:18:00+08	2017-09-10 17:28:00+08	{}	asd	\N	2017-09-10 17:17:57.486+08	2017-09-10 17:17:57.486+08	\N	\N
470	1559444720801885	2017-09-10 17:19:18+08	2017-09-10 17:29:18+08	{}	asd	\N	2017-09-10 17:19:15.569+08	2017-09-10 17:19:15.569+08	\N	\N
471	1559444720801885	2017-09-10 17:19:20+08	2017-09-10 17:29:20+08	{}	asd	\N	2017-09-10 17:19:17.984+08	2017-09-10 17:19:17.984+08	\N	\N
472	1559444720801885	2017-09-10 17:19:22+08	2017-09-10 17:29:22+08	{}	asd	\N	2017-09-10 17:19:19.992+08	2017-09-10 17:19:19.992+08	\N	\N
473	1559444720801885	2017-09-10 17:19:24+08	2017-09-10 17:29:24+08	{}	asd	\N	2017-09-10 17:19:22.117+08	2017-09-10 17:19:22.117+08	\N	\N
474	1559444720801885	2017-09-10 17:19:27+08	2017-09-10 17:29:27+08	{}	asd	\N	2017-09-10 17:19:24.184+08	2017-09-10 17:19:24.184+08	\N	\N
475	1559444720801885	2017-09-10 17:19:29+08	2017-09-10 17:29:29+08	{}	asd	\N	2017-09-10 17:19:26.384+08	2017-09-10 17:19:26.384+08	\N	\N
476	1559444720801885	2017-09-10 17:19:31+08	2017-09-10 17:29:31+08	{}	asd	\N	2017-09-10 17:19:28.595+08	2017-09-10 17:19:28.595+08	\N	\N
477	1559444720801885	2017-09-10 17:19:33+08	2017-09-10 17:29:33+08	{}	asd	\N	2017-09-10 17:19:30.729+08	2017-09-10 17:19:30.729+08	\N	\N
478	1559444720801885	2017-09-10 17:19:35+08	2017-09-10 17:29:35+08	{}	asd	\N	2017-09-10 17:19:32.953+08	2017-09-10 17:19:32.953+08	\N	\N
479	1559444720801885	2017-09-10 17:19:37+08	2017-09-10 17:29:37+08	{}	asd	\N	2017-09-10 17:19:34.904+08	2017-09-10 17:19:34.904+08	\N	\N
480	1559444720801885	2017-09-10 17:21:41+08	2017-09-10 17:31:41+08	{}	asd	\N	2017-09-10 17:21:38.851+08	2017-09-10 17:21:38.851+08	\N	\N
481	1559444720801885	2017-09-10 17:22:59+08	2017-09-10 17:32:59+08	{}	asd	\N	2017-09-10 17:22:56.731+08	2017-09-10 17:22:56.731+08	\N	\N
486	10213707171419733	2017-09-11 12:20:00+08	2017-09-11 15:20:00+08	{}	Lunch at PGP E-Canteen		2017-09-11 12:11:52.14+08	2017-09-11 12:11:52.14+08	2017-09-11 12:11:59.806+08	3
484	10213707171419733	2017-09-11 12:10:00+08	2017-09-11 12:40:00+08	{}	Lunch at PGP E-Canteen		2017-09-11 12:08:51.922+08	2017-09-11 12:08:51.922+08	2017-09-11 12:09:12.679+08	3
179	10155542011118954	2017-09-19 12:00:00+08	2017-09-19 13:30:00+08	{10213707171419733}	Lunch at The Terrace		2017-09-10 09:59:41.268+08	2017-09-11 12:11:23.557+08	\N	5
483	10213707171419733	2017-09-11 12:10:00+08	2017-09-11 12:40:00+08	{}	Lunch at PGP E-Canteen		2017-09-11 12:08:42.612+08	2017-09-11 12:08:42.612+08	2017-09-22 00:19:03.967+08	3
482	1568898116498921	2017-09-11 19:10:00+08	2017-09-11 20:40:00+08	{10155795238774374}	Dinner at PGP E-Canteen asdfg	asdfg	2017-09-11 12:01:25.45+08	2017-09-11 16:11:37.192+08	\N	3
500	1559444720801885	2017-09-17 21:50:00+08	2017-09-17 22:00:00+08	{}	Supper at YIH Food Junction		2017-09-17 21:46:16.497+08	2017-09-17 21:46:16.497+08	\N	3
508	1559444720801885	2017-09-19 09:30:00+08	2017-09-19 10:00:00+08	{}	Lunch at YIH Food Junction		2017-09-19 09:26:08.509+08	2017-09-19 09:26:08.509+08	\N	3
510	1559444720801885	2017-09-19 09:40:00+08	2017-09-19 10:10:00+08	{}	Lunch at PGP E-Canteen		2017-09-19 09:35:19.556+08	2017-09-19 09:35:19.556+08	\N	3
519	1559444720801885	2017-09-19 11:40:00+08	2017-09-19 12:10:00+08	{}	Lunch at PGP E-Canteen		2017-09-19 11:38:35.637+08	2017-09-19 11:38:35.637+08	\N	3
523	1559444720801885	2017-09-19 11:50:00+08	2017-09-19 12:20:00+08	{}	Lunch at PGP E-Canteen		2017-09-19 11:41:43.432+08	2017-09-19 11:41:43.432+08	\N	3
528	1559444720801885	2017-09-19 11:50:00+08	2017-09-19 12:20:00+08	{}	Lunch at PGP E-Canteen		2017-09-19 11:46:00.7+08	2017-09-19 11:46:00.7+08	\N	3
533	1559444720801885	2017-09-19 11:50:00+08	2017-09-19 12:20:00+08	{}	Lunch at PGP E-Canteen		2017-09-19 11:46:17.472+08	2017-09-19 11:46:17.472+08	\N	3
489	10213707171419733	2017-09-11 12:20:00+08	2017-09-11 15:20:00+08	{}	Lunch at PGP E-Canteen		2017-09-11 12:18:32.67+08	2017-09-11 12:18:32.67+08	2017-09-22 00:19:03.967+08	3
494	10213707171419733	2017-09-11 12:20:00+08	2017-09-11 15:20:00+08	{}	Lunch at PGP E-Canteen		2017-09-11 12:18:39.851+08	2017-09-11 12:18:39.851+08	2017-09-22 00:19:03.967+08	3
496	10212526564613004	2017-09-11 12:30:00+08	2017-09-11 13:00:00+08	{}	Lunch at PGP E-Canteen	hi	2017-09-11 12:29:14.598+08	2017-09-11 12:29:14.598+08	\N	3
499	1559444720801885	2017-09-17 21:20:00+08	2017-09-17 21:30:00+08	{}	Supper at PGP E-Canteen		2017-09-17 21:17:05.449+08	2017-09-17 21:17:05.449+08	\N	3
503	1559444720801885	2017-09-17 22:50:00+08	2017-09-17 23:00:00+08	{}	Supper at YIH Food Junction		2017-09-17 23:16:26.155+08	2017-09-17 23:16:26.155+08	\N	3
505	1559444720801885	2017-09-19 09:30:00+08	2017-09-19 10:00:00+08	{}	Lunch at YIH Food Junction		2017-09-19 09:26:03.093+08	2017-09-19 09:26:03.093+08	\N	3
511	1559444720801885	2017-09-19 09:40:00+08	2017-09-19 10:10:00+08	{}	Lunch at PGP E-Canteen		2017-09-19 09:35:28.154+08	2017-09-19 09:35:28.154+08	\N	3
513	1559444720801885	2017-09-19 10:30:00+08	2017-09-19 11:00:00+08	{}	Lunch at PGP E-Canteen		2017-09-19 10:29:07.05+08	2017-09-19 10:29:07.05+08	\N	3
514	1559444720801885	2017-09-19 10:30:00+08	2017-09-19 11:00:00+08	{}	Lunch at PGP E-Canteen		2017-09-19 10:29:09.326+08	2017-09-19 10:29:09.326+08	\N	3
516	1559444720801885	2017-09-19 11:00:00+08	2017-09-19 11:30:00+08	{}	Lunch at PGP E-Canteen		2017-09-19 10:50:21.927+08	2017-09-19 10:50:21.927+08	\N	3
517	1559444720801885	2017-09-19 11:00:00+08	2017-09-19 11:30:00+08	{}	Lunch at PGP E-Canteen		2017-09-19 10:50:32.56+08	2017-09-19 10:50:32.56+08	\N	3
518	1559444720801885	2017-09-19 11:00:00+08	2017-09-19 11:30:00+08	{}	Lunch at PGP E-Canteen		2017-09-19 10:50:33.896+08	2017-09-19 10:50:33.896+08	\N	3
520	1559444720801885	2017-09-19 11:40:00+08	2017-09-19 12:10:00+08	{}	Lunch at PGP E-Canteen		2017-09-19 11:39:57.822+08	2017-09-19 11:39:57.822+08	\N	3
521	1559444720801885	2017-09-19 11:40:00+08	2017-09-19 12:10:00+08	{}	Lunch at PGP E-Canteen		2017-09-19 11:40:02.472+08	2017-09-19 11:40:02.472+08	\N	3
524	1559444720801885	2017-09-19 11:50:00+08	2017-09-19 12:20:00+08	{}	Lunch at PGP E-Canteen		2017-09-19 11:41:44.784+08	2017-09-19 11:41:44.784+08	\N	3
525	1559444720801885	2017-09-19 11:50:00+08	2017-09-19 12:20:00+08	{}	Lunch at PGP E-Canteen		2017-09-19 11:41:46.12+08	2017-09-19 11:41:46.12+08	\N	3
529	1559444720801885	2017-09-19 11:50:00+08	2017-09-19 12:20:00+08	{}	Lunch at PGP E-Canteen		2017-09-19 11:46:02.414+08	2017-09-19 11:46:02.414+08	\N	3
530	1559444720801885	2017-09-19 11:50:00+08	2017-09-19 12:20:00+08	{}	Lunch at PGP E-Canteen		2017-09-19 11:46:04.377+08	2017-09-19 11:46:04.377+08	\N	3
534	1559444720801885	2017-09-19 11:50:00+08	2017-09-19 12:20:00+08	{}	Lunch at PGP E-Canteen		2017-09-19 11:46:18.917+08	2017-09-19 11:46:18.917+08	\N	3
535	1559444720801885	2017-09-19 11:50:00+08	2017-09-19 12:20:00+08	{}	Lunch at PGP E-Canteen		2017-09-19 11:46:20.853+08	2017-09-19 11:46:20.853+08	\N	3
490	10213707171419733	2017-09-11 12:20:00+08	2017-09-11 15:20:00+08	{}	Lunch at PGP E-Canteen		2017-09-11 12:18:34.249+08	2017-09-11 12:18:34.249+08	2017-09-22 00:19:03.967+08	3
491	10213707171419733	2017-09-11 12:20:00+08	2017-09-11 15:20:00+08	{}	Lunch at PGP E-Canteen		2017-09-11 12:18:35.797+08	2017-09-11 12:18:35.797+08	2017-09-22 00:19:03.967+08	3
495	10213707171419733	2017-09-11 12:20:00+08	2017-09-11 15:20:00+08	{}	Lunch at PGP E-Canteen		2017-09-11 12:18:41.06+08	2017-09-11 12:18:41.06+08	2017-09-22 00:19:03.967+08	3
497	1395675643820792	2017-09-11 16:10:00+08	2017-09-11 16:40:00+08	{}	Dinner at PGP E-Canteen		2017-09-11 16:06:39.981+08	2017-09-11 16:06:39.981+08	2017-09-11 16:06:56.655+08	3
498	1559444720801885	2017-09-12 15:10:00+08	2017-09-12 15:20:00+08	{}	Dinner at PGP E-Canteen		2017-09-12 15:09:28.824+08	2017-09-12 15:09:28.824+08	\N	3
501	1559444720801885	2017-09-17 21:50:00+08	2017-09-17 22:00:00+08	{}	Supper at YIH Food Junction		2017-09-17 21:46:20.502+08	2017-09-17 21:46:20.502+08	\N	3
506	1559444720801885	2017-09-19 09:30:00+08	2017-09-19 10:00:00+08	{}	Lunch at YIH Food Junction		2017-09-19 09:26:05.169+08	2017-09-19 09:26:05.169+08	\N	3
526	1559444720801885	2017-09-19 11:50:00+08	2017-09-19 12:20:00+08	{}	Lunch at PGP E-Canteen		2017-09-19 11:45:57.536+08	2017-09-19 11:45:57.536+08	\N	3
531	1559444720801885	2017-09-19 11:50:00+08	2017-09-19 12:20:00+08	{}	Lunch at PGP E-Canteen		2017-09-19 11:46:06.214+08	2017-09-19 11:46:06.214+08	\N	3
536	1559444720801885	2017-09-19 11:50:00+08	2017-09-19 12:20:00+08	{}	Lunch at PGP E-Canteen		2017-09-19 11:46:22.684+08	2017-09-19 11:46:22.684+08	\N	3
492	10213707171419733	2017-09-11 12:20:00+08	2017-09-11 15:20:00+08	{}	Lunch at PGP E-Canteen		2017-09-11 12:18:37.281+08	2017-09-11 12:18:37.281+08	2017-09-22 00:19:03.967+08	3
502	1559444720801885	2017-09-17 22:50:00+08	2017-09-17 23:00:00+08	{}	Supper at YIH Food Junction		2017-09-17 23:16:24.253+08	2017-09-17 23:16:24.253+08	\N	3
504	1559444720801885	2017-09-17 23:50:00+08	2017-09-18 00:20:00+08	{}	Supper at YIH Food Junction		2017-09-17 23:48:00.902+08	2017-09-17 23:48:00.902+08	\N	3
507	1559444720801885	2017-09-19 09:30:00+08	2017-09-19 10:00:00+08	{}	Lunch at YIH Food Junction		2017-09-19 09:26:06.833+08	2017-09-19 09:26:06.833+08	\N	3
509	1559444720801885	2017-09-19 09:40:00+08	2017-09-19 10:10:00+08	{}	Lunch at PGP E-Canteen		2017-09-19 09:35:17.479+08	2017-09-19 09:35:17.479+08	\N	3
512	1559444720801885	2017-09-19 09:40:00+08	2017-09-19 10:10:00+08	{}	Lunch at PGP E-Canteen		2017-09-19 09:39:41.079+08	2017-09-19 09:39:41.079+08	\N	3
515	1559444720801885	2017-09-19 11:00:00+08	2017-09-19 11:30:00+08	{}	Lunch at PGP E-Canteen		2017-09-19 10:50:15.928+08	2017-09-19 10:50:15.928+08	\N	3
522	1559444720801885	2017-09-19 11:50:00+08	2017-09-19 12:20:00+08	{}	Lunch at PGP E-Canteen		2017-09-19 11:41:41.786+08	2017-09-19 11:41:41.786+08	\N	3
527	1559444720801885	2017-09-19 11:50:00+08	2017-09-19 12:20:00+08	{}	Lunch at PGP E-Canteen		2017-09-19 11:45:59.301+08	2017-09-19 11:45:59.301+08	\N	3
532	1559444720801885	2017-09-19 11:50:00+08	2017-09-19 12:20:00+08	{}	Lunch at PGP E-Canteen		2017-09-19 11:46:08.013+08	2017-09-19 11:46:08.013+08	\N	3
537	1559444720801885	2017-09-19 11:50:00+08	2017-09-19 12:20:00+08	{}	Lunch at PGP E-Canteen		2017-09-19 11:46:26.103+08	2017-09-19 11:46:26.103+08	\N	3
542	1559444720801885	2017-09-19 02:20:00+08	2017-09-19 02:50:00+08	{}	Breakfast at PGP E-Canteen		2017-09-19 12:41:53.044+08	2017-09-19 12:41:53.044+08	\N	3
543	1559444720801885	2017-09-19 00:50:00+08	2017-09-19 01:20:00+08	{}	Breakfast at PGP E-Canteen		2017-09-19 12:41:56.831+08	2017-09-19 12:41:56.831+08	\N	3
544	1559444720801885	2017-09-19 00:20:00+08	2017-09-19 00:50:00+08	{}	Breakfast at PGP E-Canteen		2017-09-19 12:42:06.646+08	2017-09-19 12:42:06.646+08	\N	3
545	1559444720801885	2017-09-19 00:50:00+08	2017-09-19 01:50:00+08	{}	Breakfast at PGP E-Canteen		2017-09-19 12:42:16.677+08	2017-09-19 12:42:16.677+08	\N	3
546	1559444720801885	2017-09-19 00:10:00+08	2017-09-19 01:40:00+08	{}	Breakfast at Techno Edge		2017-09-19 12:42:20.953+08	2017-09-19 12:42:20.953+08	\N	6
548	1559444720801885	2017-09-19 01:00:00+08	2017-09-19 02:30:00+08	{}	Breakfast at The Terrace		2017-09-19 12:58:12.521+08	2017-09-19 12:58:12.521+08	\N	5
547	1559444720801885	2017-09-19 13:00:00+08	2017-09-19 14:30:00+08	{}	Lunch at The Terrace		2017-09-19 12:58:07.685+08	2017-09-19 12:58:07.685+08	2017-09-19 12:58:18.067+08	5
541	1559444720801885	2017-09-19 12:50:00+08	2017-09-19 13:20:00+08	{}	Lunch at PGP E-Canteen		2017-09-19 12:41:49.506+08	2017-09-19 12:41:49.506+08	2017-09-19 12:58:18.68+08	3
540	1559444720801885	2017-09-19 12:50:00+08	2017-09-19 13:20:00+08	{}	Lunch at PGP E-Canteen		2017-09-19 12:41:47.181+08	2017-09-19 12:41:47.181+08	2017-09-19 12:58:19.104+08	3
539	1559444720801885	2017-09-19 12:50:00+08	2017-09-19 13:20:00+08	{}	Lunch at PGP E-Canteen		2017-09-19 12:41:44.18+08	2017-09-19 12:41:44.18+08	2017-09-19 12:58:19.302+08	3
538	1559444720801885	2017-09-19 12:50:00+08	2017-09-19 13:20:00+08	{}	Lunch at PGP E-Canteen		2017-09-19 12:41:40.128+08	2017-09-19 12:41:40.128+08	2017-09-19 12:58:19.582+08	3
233	1559444720801885	2017-09-30 16:00:00+08	2017-09-30 16:30:00+08	{}	Dinner at PGP E-Canteen		2017-09-10 15:56:32.397+08	2017-09-10 15:56:32.397+08	2017-09-19 12:58:19.798+08	3
549	1559444720801885	2017-09-19 01:00:00+08	2017-09-19 02:30:00+08	{}	Breakfast at The Deck		2017-09-19 12:58:24.998+08	2017-09-19 12:58:24.998+08	\N	7
550	1559444720801885	2017-09-19 01:00:00+08	2017-09-19 02:30:00+08	{}	Breakfast at The Deck		2017-09-19 12:58:34.104+08	2017-09-19 12:58:34.104+08	\N	7
552	1559444720801885	2017-09-19 01:20:00+08	2017-09-19 02:50:00+08	{}	Breakfast at PGP E-Canteen		2017-09-19 12:58:48.635+08	2017-09-19 12:58:48.635+08	\N	3
556	1559444720801885	2017-09-19 01:00:00+08	2017-09-19 01:30:00+08	{}	Breakfast at The Deck		2017-09-19 12:59:12.124+08	2017-09-19 12:59:12.124+08	\N	7
557	1559444720801885	2017-09-19 01:00:00+08	2017-09-19 01:30:00+08	{}	Breakfast at UTown Koufu		2017-09-19 12:59:16.095+08	2017-09-19 12:59:16.095+08	\N	1
559	1559444720801885	2017-09-19 01:00:00+08	2017-09-19 01:30:00+08	{}	Breakfast at UTown Koufu		2017-09-19 12:59:26.895+08	2017-09-19 12:59:26.895+08	\N	1
560	1559444720801885	2017-09-19 01:10:00+08	2017-09-19 01:40:00+08	{}	Breakfast at PGP E-Canteen		2017-09-19 13:00:54.677+08	2017-09-19 13:00:54.677+08	\N	3
561	1559444720801885	2017-09-19 01:10:00+08	2017-09-19 01:40:00+08	{}	Breakfast at PGP E-Canteen		2017-09-19 13:00:59.599+08	2017-09-19 13:00:59.599+08	\N	3
558	1559444720801885	2017-09-23 01:00:00+08	2017-09-23 01:30:00+08	{}	Breakfast at UTown Koufu		2017-09-19 12:59:22.676+08	2017-09-19 12:59:22.676+08	2017-09-19 13:01:00.296+08	1
555	1559444720801885	2017-09-23 01:00:00+08	2017-09-23 01:30:00+08	{}	Breakfast at The Deck		2017-09-19 12:59:04.745+08	2017-09-19 12:59:04.745+08	2017-09-19 13:01:00.791+08	7
554	1559444720801885	2017-09-19 13:00:00+08	2017-09-19 13:30:00+08	{}	Lunch at The Terrace		2017-09-19 12:58:58.707+08	2017-09-19 12:58:58.707+08	2017-09-19 13:01:01.261+08	5
553	1559444720801885	2017-09-19 13:00:00+08	2017-09-19 13:45:00+08	{}	Lunch at PGP E-Canteen		2017-09-19 12:58:53.167+08	2017-09-19 12:58:53.167+08	2017-09-19 13:01:01.743+08	3
551	1559444720801885	2017-09-19 13:00:00+08	2017-09-19 14:30:00+08	{}	Lunch at PGP E-Canteen		2017-09-19 12:58:43.545+08	2017-09-19 12:58:43.545+08	2017-09-19 13:01:02.785+08	3
562	1559444720801885	2017-09-19 01:10:00+08	2017-09-19 01:40:00+08	{}	Breakfast at PGP E-Canteen		2017-09-19 13:01:06.212+08	2017-09-19 13:01:06.212+08	\N	3
563	1559444720801885	2017-09-19 01:10:00+08	2017-09-19 01:40:00+08	{}	Breakfast at PGP E-Canteen		2017-09-19 13:03:06.9+08	2017-09-19 13:03:06.9+08	\N	3
564	1559444720801885	2017-09-20 13:10:00+08	2017-09-20 13:40:00+08	{}	Lunch at PGP E-Canteen		2017-09-19 13:06:54.479+08	2017-09-19 13:06:54.479+08	\N	3
565	1559444720801885	2017-09-20 01:10:00+08	2017-09-20 01:40:00+08	{}	Breakfast at PGP E-Canteen		2017-09-19 13:06:58.461+08	2017-09-19 13:06:58.461+08	\N	3
566	1559444720801885	2017-09-22 01:10:00+08	2017-09-22 03:10:00+08	{}	Breakfast at The Deck		2017-09-19 13:07:07.599+08	2017-09-19 13:07:07.599+08	\N	7
485	10213707171419733	2017-09-11 12:20:00+08	2017-09-11 12:50:00+08	{}	Lunch at PGP E-Canteen		2017-09-11 12:11:47.457+08	2017-09-11 12:11:47.457+08	2017-09-22 00:19:03.967+08	3
487	10213707171419733	2017-09-20 12:20:00+08	2017-09-20 15:20:00+08	{}	Lunch at YIH Food Junction		2017-09-11 12:12:48.296+08	2017-09-11 12:12:48.296+08	2017-09-22 00:19:03.967+08	4
488	10213707171419733	2017-09-11 12:20:00+08	2017-09-11 15:20:00+08	{}	Lunch at PGP E-Canteen		2017-09-11 12:18:30.018+08	2017-09-11 12:18:30.018+08	2017-09-22 00:19:03.967+08	3
493	10213707171419733	2017-09-11 12:20:00+08	2017-09-11 15:20:00+08	{}	Lunch at PGP E-Canteen		2017-09-11 12:18:38.76+08	2017-09-11 12:18:38.76+08	2017-09-22 00:19:03.967+08	3
568	10155546662439020	2017-09-22 17:40:00+08	2017-09-22 18:10:00+08	{}	Dinner at PGP E-Canteen	test	2017-09-22 17:30:08.943+08	2017-09-22 17:30:08.943+08	2017-09-22 17:30:14.206+08	3
571	10155546662439020	2017-09-23 11:20:00+08	2017-09-23 11:50:00+08	{}	Lunch at The Terrace		2017-09-23 11:12:12.214+08	2017-09-23 11:12:12.214+08	2017-09-23 11:12:47.146+08	5
567	10155542011118954	2017-11-30 16:20:00+08	2017-11-30 18:20:00+08	{1568898116498921}	Dinner at UTown Koufu		2017-09-19 13:14:26.697+08	2017-10-01 15:52:42.12+08	\N	1
569	10155546662439020	2017-09-22 17:40:00+08	2017-09-22 18:10:00+08	{}	Dinner at PGP E-Canteen	test	2017-09-22 17:30:19.497+08	2017-09-22 17:30:19.497+08	2017-09-23 15:05:10.435+08	3
572	10155546662439020	2017-09-23 15:10:00+08	2017-09-23 15:40:00+08	{}	Dinner at PGP E-Canteen		2017-09-23 15:04:52.822+08	2017-09-23 15:04:52.822+08	2017-09-23 15:05:10.435+08	3
574	10155546662439020	2017-09-23 15:30:00+08	2017-09-23 18:30:00+08	{}	Dinner at PGP E-Canteen		2017-09-23 15:28:04.389+08	2017-09-23 15:28:04.389+08	2017-09-23 15:29:32.052+08	3
573	10155546662439020	2017-09-23 15:30:00+08	2017-09-23 16:00:00+08	{}	Dinner at PGP E-Canteen		2017-09-23 15:27:38.092+08	2017-09-23 15:27:38.092+08	2017-09-23 15:29:33.255+08	3
576	10213707171419733	2017-09-23 15:40:00+08	2017-09-23 16:40:00+08	{}	Dinner at PGP E-Canteen		2017-09-23 15:34:58.628+08	2017-09-23 15:34:58.628+08	2017-09-23 15:35:03.453+08	3
577	10213707171419733	2017-09-23 15:40:00+08	2017-09-23 16:40:00+08	{}	Dinner at PGP E-Canteen		2017-09-23 15:36:49.441+08	2017-09-23 15:36:49.441+08	2017-09-23 15:36:52.712+08	3
575	10155546662439020	2017-09-23 15:30:00+08	2017-09-23 18:30:00+08	{10213707171419733}	Dinner at Techno Edge		2017-09-23 15:29:57.967+08	2017-09-23 15:37:27.839+08	2017-09-23 15:37:33.242+08	6
570	1568898116498921	2017-09-24 01:00:00+08	2017-09-24 02:00:00+08	{10155546662439020,10213707171419733}	supper at PGP E-Canteen	asdf	2017-09-23 01:23:29.003+08	2017-09-23 15:36:57.934+08	\N	3
578	1568898116498921	2017-09-24 22:20:00+08	2017-09-24 23:20:00+08	{}	Supper at PGP E-Canteen	';alert(String.fromCharCode(88,83,83))//';alert(String.fromCharCode(88,83,83))//";\nalert(String.fromCharCode(88,83,83))//";alert(String.fromCharCode(88,83,83))//--\n></SCRIPT>">'><SCRIPT>alert(String.fromCharCode(88,83,83))</SCRIPT>	2017-09-24 22:18:01.726+08	2017-09-24 22:18:01.726+08	2017-09-24 22:18:12+08	3
579	1568898116498921	2017-09-24 22:20:00+08	2017-09-24 23:20:00+08	{}	';alert(String.fromCharCode(88,83,83))//';alert(String.fromCharCode(88,83,83))//"; alert(String.fromCharCode(88,83,83))//";alert(String.fromCharCode(88,83,83))//-- ></SCRIPT>">'><SCRIPT>alert(String.fromCharCode(88,83,83))</SCRIPT>	';alert(String.fromCharCode(88,83,83))//';alert(String.fromCharCode(88,83,83))//";\nalert(String.fromCharCode(88,83,83))//";alert(String.fromCharCode(88,83,83))//--\n></SCRIPT>">'><SCRIPT>alert(String.fromCharCode(88,83,83))</SCRIPT>	2017-09-24 22:18:16.451+08	2017-09-24 22:18:16.451+08	\N	3
581	1568898116498921	2017-09-24 22:40:00+08	2017-09-24 23:40:00+08	{}	Supper at PGP E-Canteen		2017-09-24 22:30:55.866+08	2017-09-24 22:30:55.866+08	2017-09-24 22:30:57.557+08	3
583	1523043257741898	2017-10-10 16:30:00+08	2017-10-10 17:30:00+08	{}	Dinner at PGP E-Canteen		2017-10-10 16:20:43.261+08	2017-10-10 16:20:43.261+08	\N	3
584	1656676961051672	2017-10-28 05:30:00+08	2017-10-28 06:30:00+08	{}	Dinner at PGP E-Canteen	p	2017-10-16 05:21:42.012+08	2017-10-16 05:21:42.012+08	\N	3
580	1568898116498921	2017-09-24 22:20:00+08	2017-09-24 23:20:00+08	{}	';alert(String.fromCharCode(88,83,83))//';alert(String.fromCharCode(88,83,83))//"; alert(String.fromCharCode(88,83,83))//";alert(String.fromCharCode(88,83,83))//-- ></SCRIPT>">'><SCRIPT>alert(String.fromCharCode(88,83,83))</SCRIPT>		2017-09-24 22:23:18.839+08	2017-09-24 22:23:18.839+08	\N	3
582	10213707171419733	2017-10-02 19:10:00+08	2017-10-02 19:40:00+08	{}	Dinner at PGP E-Canteen		2017-10-02 19:04:48.206+08	2017-10-02 19:04:48.206+08	\N	3
585	1656676961051672	2017-10-16 09:20:00+08	2017-10-16 10:20:00+08	{}	Supper at YIH Food Junction		2017-10-16 06:18:16.045+08	2017-10-16 06:18:16.045+08	2017-10-16 06:20:26.736+08	4
586	1559444720801885	2017-11-10 15:30:00+08	2017-11-10 17:30:00+08	{}	Dinner at PGP E-Canteen		2017-11-10 15:26:13.993+08	2017-11-10 15:26:13.993+08	\N	3
\.


--
-- Name: appointments_id_seq; Type: SEQUENCE SET; Schema: public; Owner: postgres
--

SELECT pg_catalog.setval('appointments_id_seq', 586, true);


--
-- Data for Name: canteens; Type: TABLE DATA; Schema: public; Owner: postgres
--

COPY canteens (id, name, latitude, longitude, "createdAt", "updatedAt", "crowdId", uuid) FROM stdin;
2	UTown Foodclique	1.30438499999999991	103.772601499999993	2017-08-24 00:00:00+08	2017-08-24 00:00:00+08	UTown(Flavours)	700e3825-50d0-45a5-9d2e-ef0517e1fe49
1	UTown Koufu	1.30388440000000005	103.774448599999999	2017-08-24 00:00:00+08	2017-08-24 00:00:00+08	UTown(Koufu)	3052b7de-0889-426a-beb0-1d0e7f5f2020
4	YIH Food Junction	1.29854880000000006	103.774796800000004	2017-08-24 00:00:00+08	2017-08-24 00:00:00+08	YIH	0da76a2b-424b-4d29-a62c-79aeff7cece0
3	PGP E-Canteen	1.29076290000000005	103.782284259999997	2017-08-24 00:00:00+08	2017-08-24 00:00:00+08	PGP(E-Canteen)	c2cd8d15-555a-4e62-9a09-97716c6bd16e
6	Techno Edge	1.29791630000000002	103.772187299999999	2017-08-24 00:00:00+08	2017-08-24 00:00:00+08	TechnoEdge	83a3bdd8-af19-4bda-a620-2afaa93a9de7
5	The Terrace	1.29376219999999997	103.774614400000004	2017-08-24 00:00:00+08	2017-08-24 00:00:00+08	Terrace	9c9cc420-b75e-458c-b667-14ffcb66246f
7	The Deck	1.29410730000000007	103.771206599999999	2017-08-24 00:00:00+08	2017-08-24 00:00:00+08	Deck	002a49be-c151-40c6-b7ee-bf5e19e7b059
\.


--
-- Data for Name: photos; Type: TABLE DATA; Schema: public; Owner: postgres
--

COPY photos (uuid, "userId", "createdAt", "updatedAt", "stallId") FROM stdin;
acf08616-ba92-47d1-8950-7ec96c5793f3	1559444720801885	2017-09-09 01:55:30.588+08	2017-09-09 01:55:30.588+08	1
c67c4c92-159c-4b47-b310-134012de135b	1559444720801885	2017-09-09 01:55:30.912+08	2017-09-09 01:55:30.912+08	1
c999d52e-dec7-4a68-b573-1a12e85f253a	1559444720801885	2017-09-09 01:55:30.94+08	2017-09-09 01:55:30.94+08	1
f611757b-f3e8-4dfe-8677-22e05f795924	1559444720801885	2017-09-09 01:55:30.968+08	2017-09-09 01:55:30.968+08	2
10c0ff08-36a9-4bb9-93c5-1c503f60b1fd	1559444720801885	2017-09-09 01:55:30.974+08	2017-09-09 01:55:30.974+08	2
8603bb66-e155-4e6d-8c09-76b4c6eff501	1559444720801885	2017-09-09 01:55:30.986+08	2017-09-09 01:55:30.986+08	1
6bd9d54b-753b-4b70-a282-d49306ae7c14	1559444720801885	2017-09-09 01:55:31.055+08	2017-09-09 01:55:31.055+08	1
10564fa7-4671-4e9d-8885-a6a87bacf0d7	1559444720801885	2017-09-09 01:55:31.228+08	2017-09-09 01:55:31.228+08	3
6e1429dc-de2f-4877-8853-2bd3f875f4f8	1559444720801885	2017-09-09 01:55:31.261+08	2017-09-09 01:55:31.261+08	2
61e3f071-7fb1-49e4-ad07-ade778cf20da	1559444720801885	2017-09-09 01:55:31.274+08	2017-09-09 01:55:31.274+08	2
e27b37d8-19fd-4b84-8e01-e953d6fc8bc0	1559444720801885	2017-09-09 01:55:31.296+08	2017-09-09 01:55:31.296+08	3
d7f3bb6a-82f3-4cf7-bdeb-f6eecf22a2e2	1559444720801885	2017-09-09 01:55:31.301+08	2017-09-09 01:55:31.301+08	3
a0518683-86bb-4f04-a6e1-78f6a5f862bf	1559444720801885	2017-09-09 01:55:31.307+08	2017-09-09 01:55:31.307+08	2
70024aa1-07d9-41a9-b518-0393a80d0faa	1559444720801885	2017-09-09 01:55:31.573+08	2017-09-09 01:55:31.573+08	4
a5aa65fd-9b2c-4386-91a3-8caa574fbfc2	1559444720801885	2017-09-09 01:55:31.603+08	2017-09-09 01:55:31.603+08	3
fcb1bc2c-134f-4157-a1cc-ffb4f5901cd1	1559444720801885	2017-09-09 01:55:31.631+08	2017-09-09 01:55:31.631+08	4
82e74f9b-0ef0-44cb-accb-e6ee90cf68bc	1559444720801885	2017-09-09 01:55:31.637+08	2017-09-09 01:55:31.637+08	4
17162ba2-478c-46a0-b5ff-c90a1ea32274	1559444720801885	2017-09-09 01:55:31.642+08	2017-09-09 01:55:31.642+08	4
b7163a97-a3c7-4682-b603-70ec6149b535	1559444720801885	2017-09-09 01:55:31.649+08	2017-09-09 01:55:31.649+08	3
00c09c7d-5573-4fa7-a63d-d462ecd70e35	1559444720801885	2017-09-09 01:55:31.896+08	2017-09-09 01:55:31.896+08	5
cc49a088-f930-4a7d-9310-6a93e7b43cab	1559444720801885	2017-09-09 01:55:31.923+08	2017-09-09 01:55:31.923+08	5
4b784e1d-3e9e-46de-becf-6a499f1df669	1559444720801885	2017-09-09 01:55:31.928+08	2017-09-09 01:55:31.928+08	5
b32b679d-b170-4a0c-8c6d-8fba19d27e99	1559444720801885	2017-09-09 01:55:31.933+08	2017-09-09 01:55:31.933+08	4
682c507e-9153-4d17-805d-1227b298d627	1559444720801885	2017-09-09 01:55:31.939+08	2017-09-09 01:55:31.939+08	5
734f7a21-f33d-4e20-a39c-e9ba034b94f1	1559444720801885	2017-09-09 01:55:32.187+08	2017-09-09 01:55:32.187+08	6
684f830e-d179-441e-ab5c-9b44fd6d868f	1559444720801885	2017-09-09 01:55:32.216+08	2017-09-09 01:55:32.216+08	6
5505fd6c-d2df-4442-9676-30d9ab18ba24	1559444720801885	2017-09-09 01:55:32.222+08	2017-09-09 01:55:32.222+08	6
8b1b82f6-8ca6-4eb8-8c67-5faf896f3332	1559444720801885	2017-09-09 01:55:32.281+08	2017-09-09 01:55:32.281+08	6
6fac3c69-c5d6-4f65-a035-52f869e5ed89	1559444720801885	2017-09-09 01:55:32.291+08	2017-09-09 01:55:32.291+08	6
1832b735-4d9b-4d49-9e42-0406e0f36e4c	1559444720801885	2017-09-09 01:55:32.508+08	2017-09-09 01:55:32.508+08	5
d2734db0-af88-4a88-858a-3d0282d190d0	1559444720801885	2017-09-09 01:55:32.534+08	2017-09-09 01:55:32.534+08	7
033740c1-8b8c-4134-907d-2521c9e2f16c	1559444720801885	2017-09-09 01:55:32.541+08	2017-09-09 01:55:32.541+08	7
769c5eed-30fc-409e-bd83-964e6ce9ddfb	1559444720801885	2017-09-09 01:55:32.59+08	2017-09-09 01:55:32.59+08	7
1787d83f-0759-43d7-b0a1-3bd99336c0c0	1559444720801885	2017-09-09 01:55:32.597+08	2017-09-09 01:55:32.597+08	7
021409df-16db-4e79-b2bd-97c734fb6120	1559444720801885	2017-09-09 01:55:32.603+08	2017-09-09 01:55:32.603+08	7
174c3581-a4c8-4983-8c06-dafc134c6b30	1559444720801885	2017-09-09 01:55:32.809+08	2017-09-09 01:55:32.809+08	8
0f59ffac-8a43-477a-8a44-3fb9c855342c	1559444720801885	2017-09-09 01:55:32.834+08	2017-09-09 01:55:32.834+08	9
b7314e95-f806-45c5-be52-04bd532cb5bf	1559444720801885	2017-09-09 01:55:32.84+08	2017-09-09 01:55:32.84+08	8
28c01084-f23c-4ba9-88a6-7e8542e98977	1559444720801885	2017-09-09 01:55:32.891+08	2017-09-09 01:55:32.891+08	8
3fdbdb53-d27e-44c1-9693-db5f67789d5b	1559444720801885	2017-09-09 01:55:32.896+08	2017-09-09 01:55:32.896+08	8
ec1fd846-d642-4364-9f58-86786e7a28e4	1559444720801885	2017-09-09 01:55:32.902+08	2017-09-09 01:55:32.902+08	8
be3f35a6-256f-4db0-9f74-f662a0aca71e	1559444720801885	2017-09-09 01:55:33.346+08	2017-09-09 01:55:33.346+08	10
594426c8-d70e-4506-a966-9c968632c63f	1559444720801885	2017-09-09 01:55:33.655+08	2017-09-09 01:55:33.655+08	11
1a9a237e-8406-4552-8aae-0166d29427a3	1559444720801885	2017-09-09 01:55:33.924+08	2017-09-09 01:55:33.924+08	12
280ba926-fce8-49ce-957e-f427987b5f27	1559444720801885	2017-09-09 01:55:34.181+08	2017-09-09 01:55:34.181+08	13
928e6d49-6026-41f0-8e13-3444ac7f2036	1559444720801885	2017-09-09 01:55:34.275+08	2017-09-09 01:55:34.275+08	13
c5a73458-ca3b-4f8d-bc0a-5c8a20905f20	1559444720801885	2017-09-09 01:55:34.609+08	2017-09-09 01:55:34.609+08	14
56270bdd-024e-4946-ba21-e79ca396df53	1559444720801885	2017-09-09 01:55:34.852+08	2017-09-09 01:55:34.852+08	15
baf0ab7f-ff27-460a-a020-833da7b34cf3	1559444720801885	2017-09-09 01:55:35.159+08	2017-09-09 01:55:35.159+08	16
31906311-bc19-4db0-9451-6323ad0f8da4	1559444720801885	2017-09-09 01:55:35.415+08	2017-09-09 01:55:35.415+08	18
925df9f8-fd21-4760-a3b6-4cf45b88af5d	1559444720801885	2017-09-09 01:55:35.49+08	2017-09-09 01:55:35.49+08	19
9d2b526d-c38e-4ad2-a8d4-9daaab83f202	1559444720801885	2017-09-09 01:55:35.798+08	2017-09-09 01:55:35.798+08	19
eb0d2b8d-6a6b-4812-a593-5e35f7ac5e88	1559444720801885	2017-09-09 01:55:36.117+08	2017-09-09 01:55:36.117+08	20
68f3a73b-6f32-402f-88e2-c11b5536f53e	1559444720801885	2017-09-09 01:55:36.395+08	2017-09-09 01:55:36.395+08	22
86530469-242a-4b05-ba6a-5820c008738d	1559444720801885	2017-09-09 01:55:36.691+08	2017-09-09 01:55:36.691+08	22
6e21ac95-e876-46c5-9261-91a9302d75a6	1559444720801885	2017-09-09 01:55:36.964+08	2017-09-09 01:55:36.964+08	24
687c0a73-c5dc-4850-b2c7-fa79213098d6	1559444720801885	2017-09-09 01:55:37.238+08	2017-09-09 01:55:37.238+08	25
a850b40f-a110-47db-af48-e79dc3339889	1559444720801885	2017-09-09 01:55:37.389+08	2017-09-09 01:55:37.389+08	26
7a6078da-2ebf-4125-87a8-05d6d11d8a23	1559444720801885	2017-09-09 01:55:37.601+08	2017-09-09 01:55:37.601+08	27
eea995ff-678f-4a1b-8944-cc048d46d26c	1559444720801885	2017-09-09 01:55:37.878+08	2017-09-09 01:55:37.878+08	27
7f462e56-fdb8-4900-a776-b223583d4dd9	1559444720801885	2017-09-09 01:55:38.199+08	2017-09-09 01:55:38.199+08	29
a1617fbc-863d-41b5-86ec-635f653f3106	1559444720801885	2017-09-09 01:55:38.467+08	2017-09-09 01:55:38.467+08	30
60689146-bf7e-453d-bf1e-0194c824889c	1559444720801885	2017-09-09 01:55:38.736+08	2017-09-09 01:55:38.736+08	31
7c18d431-8bf6-41b8-acb4-43579b451ae0	1559444720801885	2017-09-09 01:55:39.057+08	2017-09-09 01:55:39.057+08	32
f0de2044-55d7-4115-9a6e-c47b69d62a0e	1559444720801885	2017-09-09 01:55:39.344+08	2017-09-09 01:55:39.344+08	33
310c9cb6-c8b0-4ef7-8049-26d53d97105e	1559444720801885	2017-09-09 01:55:39.565+08	2017-09-09 01:55:39.565+08	34
2b2e5a11-aa7c-4fc6-98ab-55802cdfc605	1559444720801885	2017-09-09 01:55:39.801+08	2017-09-09 01:55:39.801+08	34
c21c9ed7-f0c5-4e86-b1e1-55be323db133	1559444720801885	2017-09-09 01:55:40.079+08	2017-09-09 01:55:40.079+08	36
263e49e8-d22c-43ff-af8a-b3dcc152f1c2	1559444720801885	2017-09-09 01:55:40.381+08	2017-09-09 01:55:40.381+08	37
f697fb72-647a-484d-8eee-0c7414c5e197	1559444720801885	2017-09-09 01:55:40.678+08	2017-09-09 01:55:40.678+08	39
e648f0c5-eda7-4729-83b2-8bdc1f0cc1b2	1559444720801885	2017-09-09 01:55:40.932+08	2017-09-09 01:55:40.932+08	39
1d149280-fa76-4aee-8d7c-c224073befe9	1559444720801885	2017-09-09 01:55:41.005+08	2017-09-09 01:55:41.005+08	40
4eba5fe7-3b3f-4dfb-970d-f3d759760051	1559444720801885	2017-09-09 01:55:41.3+08	2017-09-09 01:55:41.3+08	41
bbb62da1-8e58-4620-bb1f-059455e24c87	1559444720801885	2017-09-09 01:55:41.598+08	2017-09-09 01:55:41.598+08	42
abc2dc3b-c5f2-49af-84a4-4b9ba8bf6c63	1559444720801885	2017-09-09 01:55:41.919+08	2017-09-09 01:55:41.919+08	43
33c0a05a-df89-4917-9d4a-741095de79cb	1559444720801885	2017-09-09 01:55:42.217+08	2017-09-09 01:55:42.217+08	44
da313238-c2fd-4e64-9101-7bb8332fd6a4	1559444720801885	2017-09-09 01:55:42.468+08	2017-09-09 01:55:42.468+08	45
6ffeb0c7-0a33-4725-9cbc-e2d824fd3886	1559444720801885	2017-09-09 01:55:42.79+08	2017-09-09 01:55:42.79+08	46
6fb6aa59-75e2-4c07-9c68-da484847cb0b	1559444720801885	2017-09-09 01:55:43.078+08	2017-09-09 01:55:43.078+08	47
4b58f4bb-2610-4cde-a867-d01391d78237	1559444720801885	2017-09-09 01:55:43.15+08	2017-09-09 01:55:43.15+08	47
f65ee7b7-f9c6-473a-bd97-b3e7bd2502d7	1559444720801885	2017-09-09 01:55:43.447+08	2017-09-09 01:55:43.447+08	49
fd8851fc-8961-4bdf-a300-846fb185840c	1559444720801885	2017-09-09 01:55:43.728+08	2017-09-09 01:55:43.728+08	50
3848faea-7687-48d8-bbd7-999dde1d1756	1559444720801885	2017-09-09 01:55:44.03+08	2017-09-09 01:55:44.03+08	51
296e21a4-cda4-4be5-bce2-ff2e3b267a5d	1559444720801885	2017-09-09 01:55:44.307+08	2017-09-09 01:55:44.307+08	53
1681edbb-30ea-4015-81dd-7c7b321144a3	1559444720801885	2017-09-09 01:55:44.552+08	2017-09-09 01:55:44.552+08	54
771eec4d-5270-407b-9821-16e2c7f8a23f	1559444720801885	2017-09-09 01:55:44.828+08	2017-09-09 01:55:44.828+08	54
84d807d1-984d-41b1-bf7f-b37e289a9758	1559444720801885	2017-09-09 01:55:44.973+08	2017-09-09 01:55:44.973+08	55
ef4c239d-3119-4570-beb1-8b9d68e6921a	1559444720801885	2017-09-09 01:55:45.174+08	2017-09-09 01:55:45.174+08	56
49bbb3dc-21cc-4ecb-b64b-176a1372f498	1559444720801885	2017-09-09 01:55:45.453+08	2017-09-09 01:55:45.453+08	57
c2ca473e-a245-4be4-89c1-143792863abd	1559444720801885	2017-09-09 01:55:45.744+08	2017-09-09 01:55:45.744+08	58
f23b09e5-318c-491c-969c-7bc48b29e715	1559444720801885	2017-09-09 01:55:46.024+08	2017-09-09 01:55:46.024+08	59
17eddc92-86df-40b1-8278-6f892dc38eac	1559444720801885	2017-09-09 01:55:46.27+08	2017-09-09 01:55:46.27+08	61
8b4e670f-3fba-45f3-9965-af9a3b760594	1559444720801885	2017-09-09 01:55:46.346+08	2017-09-09 01:55:46.346+08	61
9723b3ab-974a-4949-90cd-9e69165f805b	1559444720801885	2017-09-09 01:55:46.614+08	2017-09-09 01:55:46.614+08	62
88e061d1-49ea-48a0-a183-9d4debaa8d65	1559444720801885	2017-09-09 01:55:46.915+08	2017-09-09 01:55:46.915+08	64
1d29282b-7a16-4b3b-a91f-e3dac0888df9	1559444720801885	2017-09-09 01:55:47.218+08	2017-09-09 01:55:47.218+08	64
c9b2a039-76e0-470e-9911-a69590896228	1559444720801885	2017-09-09 01:55:47.502+08	2017-09-09 01:55:47.502+08	66
7f7cf469-6b9a-4d96-bf34-d4fb71c5a9f2	1559444720801885	2017-09-09 01:55:33.107+08	2017-09-09 01:55:33.107+08	9
f16c0247-9f32-41c2-bd87-d7d438b92662	1559444720801885	2017-09-09 01:55:33.381+08	2017-09-09 01:55:33.381+08	10
f0c0048e-3a0b-43bf-9a3c-8905b3cd23de	1559444720801885	2017-09-09 01:55:33.661+08	2017-09-09 01:55:33.661+08	11
7b9cd59e-27ba-4758-80d9-166724817613	1559444720801885	2017-09-09 01:55:33.956+08	2017-09-09 01:55:33.956+08	12
1a5c0b6f-3f4b-40b0-8b2c-4ed8756d6418	1559444720801885	2017-09-09 01:55:34.21+08	2017-09-09 01:55:34.21+08	13
69f66e08-5302-4b39-ad83-cffc778ab8d9	1559444720801885	2017-09-09 01:55:34.455+08	2017-09-09 01:55:34.455+08	14
21683b7e-b5cb-412d-9311-aaeb7900fb9d	1559444720801885	2017-09-09 01:55:34.638+08	2017-09-09 01:55:34.638+08	15
43d73d37-0361-4913-87d2-e43f69b4ff5a	1559444720801885	2017-09-09 01:55:34.858+08	2017-09-09 01:55:34.858+08	16
51a84648-7c48-4c8c-8490-c2873b1b4afe	1559444720801885	2017-09-09 01:55:35.186+08	2017-09-09 01:55:35.186+08	17
495b0021-c8d0-4e62-bc79-a46a40503e9b	1559444720801885	2017-09-09 01:55:35.443+08	2017-09-09 01:55:35.443+08	18
964b491d-7b84-4cf2-b8c2-748cfb770c46	1559444720801885	2017-09-09 01:55:35.729+08	2017-09-09 01:55:35.729+08	19
d13a31f6-e75b-4626-9739-6de29f040fd6	1559444720801885	2017-09-09 01:55:35.882+08	2017-09-09 01:55:35.882+08	20
81f6eb25-4552-4833-810d-b6f9f8619374	1559444720801885	2017-09-09 01:55:36.123+08	2017-09-09 01:55:36.123+08	21
7e7c3d2a-9ee5-4783-8a86-61a7b3b69dfb	1559444720801885	2017-09-09 01:55:36.4+08	2017-09-09 01:55:36.4+08	22
340e694e-2fe1-4afe-8d67-e8eca45885fd	1559444720801885	2017-09-09 01:55:36.697+08	2017-09-09 01:55:36.697+08	23
24292869-bff9-4e2d-a4a5-9bb1d3f6b613	1559444720801885	2017-09-09 01:55:36.974+08	2017-09-09 01:55:36.974+08	24
f28d775c-553f-4f1a-bcb5-3d546c66c08e	1559444720801885	2017-09-09 01:55:37.263+08	2017-09-09 01:55:37.263+08	25
30ac6dab-c2b9-4ace-bf12-4c69dc535544	1559444720801885	2017-09-09 01:55:37.517+08	2017-09-09 01:55:37.517+08	26
83947c61-a632-419c-b5a4-73a6e4a037a4	1559444720801885	2017-09-09 01:55:37.652+08	2017-09-09 01:55:37.652+08	26
e6fbf27a-50db-4d69-a388-ac2139205488	1559444720801885	2017-09-09 01:55:37.943+08	2017-09-09 01:55:37.943+08	28
9bee33d3-0ed2-4cae-b90c-2cb338c0cbd5	1559444720801885	2017-09-09 01:55:38.204+08	2017-09-09 01:55:38.204+08	29
f2736e63-4411-4563-a268-8ffa71c29ef5	1559444720801885	2017-09-09 01:55:38.473+08	2017-09-09 01:55:38.473+08	30
d5f10055-5fe0-4afc-9ce4-df851377c49b	1559444720801885	2017-09-09 01:55:38.769+08	2017-09-09 01:55:38.769+08	32
7668ba08-8851-42e6-8bd8-1e11e7b157dc	1559444720801885	2017-09-09 01:55:39.063+08	2017-09-09 01:55:39.063+08	32
627f9403-524a-41e5-88d8-7d637e8dc60a	1559444720801885	2017-09-09 01:55:39.369+08	2017-09-09 01:55:39.369+08	33
2bb017a1-16d2-42c9-a876-363671d5aecb	1559444720801885	2017-09-09 01:55:39.718+08	2017-09-09 01:55:39.718+08	35
f5aae00d-f40c-4641-969c-e6cc83be0530	1559444720801885	2017-09-09 01:55:39.806+08	2017-09-09 01:55:39.806+08	33
68bdf180-1e0f-4047-94b1-2c0cdef54250	1559444720801885	2017-09-09 01:55:40.085+08	2017-09-09 01:55:40.085+08	36
6559bcba-3901-4a00-bd5a-615181fdf122	1559444720801885	2017-09-09 01:55:40.425+08	2017-09-09 01:55:40.425+08	37
1b9397c5-708f-44a9-b32f-d2c9d6ba3fa8	1559444720801885	2017-09-09 01:55:40.684+08	2017-09-09 01:55:40.684+08	38
dd922b14-7dcf-49f6-bc5a-292e7361c580	1559444720801885	2017-09-09 01:55:40.958+08	2017-09-09 01:55:40.958+08	39
888deb5e-fb85-4133-9112-fc6e82cce1c5	1559444720801885	2017-09-09 01:55:41.234+08	2017-09-09 01:55:41.234+08	40
cec46555-8715-4983-b47b-e11f58e9dd24	1559444720801885	2017-09-09 01:55:41.309+08	2017-09-09 01:55:41.309+08	40
a9904ba4-2d70-43b8-aaec-c7051604a597	1559444720801885	2017-09-09 01:55:41.603+08	2017-09-09 01:55:41.603+08	42
2ab768cf-a704-4a03-b9af-aaa62c382574	1559444720801885	2017-09-09 01:55:41.925+08	2017-09-09 01:55:41.925+08	43
25e66dc4-8481-4d31-b98e-eb031619caa7	1559444720801885	2017-09-09 01:55:42.227+08	2017-09-09 01:55:42.227+08	44
6f46050d-bfbe-45d0-a62e-ff17e65e22ca	1559444720801885	2017-09-09 01:55:42.514+08	2017-09-09 01:55:42.514+08	45
2b687946-d71f-4f7a-be5b-abaed1ee4b15	1559444720801885	2017-09-09 01:55:42.849+08	2017-09-09 01:55:42.849+08	47
08ed7725-271b-461b-833a-a6197615a9b1	1559444720801885	2017-09-09 01:55:43.103+08	2017-09-09 01:55:43.103+08	48
c332bb9c-f4c5-46ba-bb88-2b9044a70e8e	1559444720801885	2017-09-09 01:55:43.368+08	2017-09-09 01:55:43.368+08	49
3fc118b6-c366-46e4-b6e1-e4b4db7a1500	1559444720801885	2017-09-09 01:55:43.522+08	2017-09-09 01:55:43.522+08	48
0d409c6c-f339-4478-b1a4-db82ea244709	1559444720801885	2017-09-09 01:55:43.734+08	2017-09-09 01:55:43.734+08	50
164b15db-2d0f-4566-8975-e649d1b1b971	1559444720801885	2017-09-09 01:55:44.036+08	2017-09-09 01:55:44.036+08	51
a5876f28-8fc8-4511-8f37-fd5e020f02a5	1559444720801885	2017-09-09 01:55:44.313+08	2017-09-09 01:55:44.313+08	53
a2aa83d0-3e9a-4b70-b276-f4925783bf8c	1559444720801885	2017-09-09 01:55:44.582+08	2017-09-09 01:55:44.582+08	53
d71bc497-3f38-4f65-a8cd-54d8352ecce5	1559444720801885	2017-09-09 01:55:44.855+08	2017-09-09 01:55:44.855+08	55
e9dea08e-beb5-4f4e-9ba2-b0a5cb3dd4d9	1559444720801885	2017-09-09 01:55:45.1+08	2017-09-09 01:55:45.1+08	56
86a12a3e-2db3-45be-bd71-1c1e39ece17e	1559444720801885	2017-09-09 01:55:45.243+08	2017-09-09 01:55:45.243+08	56
28622bf5-4173-4959-b7b8-aeaca7106cc1	1559444720801885	2017-09-09 01:55:45.518+08	2017-09-09 01:55:45.518+08	57
8fa73a1c-849b-4c8c-be72-6a519ea7dfe5	1559444720801885	2017-09-09 01:55:45.75+08	2017-09-09 01:55:45.75+08	59
57dcebeb-65fb-4aa7-9314-9ce27b345526	1559444720801885	2017-09-09 01:55:46.029+08	2017-09-09 01:55:46.029+08	59
3fa939fb-daf6-43f5-93dc-46fe0feb497d	1559444720801885	2017-09-09 01:55:46.3+08	2017-09-09 01:55:46.3+08	60
22be946a-89de-43fe-aa89-1715b563cf69	1559444720801885	2017-09-09 01:55:46.548+08	2017-09-09 01:55:46.548+08	61
2e1efab8-7b15-4917-8892-f4f6fde6201c	1559444720801885	2017-09-09 01:55:46.62+08	2017-09-09 01:55:46.62+08	62
30dd8d6a-7a2c-460d-8b9e-40191b9302b1	1559444720801885	2017-09-09 01:55:46.96+08	2017-09-09 01:55:46.96+08	63
cce4dca7-8c0f-4d99-a8f5-fe7f867a6574	1559444720801885	2017-09-09 01:55:47.224+08	2017-09-09 01:55:47.224+08	64
7e928b53-9091-4be5-938e-847860023e91	1559444720801885	2017-09-09 01:55:47.507+08	2017-09-09 01:55:47.507+08	66
141ebf0c-ce62-406f-99fa-f01fed568da2	1559444720801885	2017-09-09 01:55:33.137+08	2017-09-09 01:55:33.137+08	9
cde3da75-d90b-45d2-afa7-166185ee4520	1559444720801885	2017-09-09 01:55:33.388+08	2017-09-09 01:55:33.388+08	11
60d5a895-5772-4ba8-8389-1c970956ad5e	1559444720801885	2017-09-09 01:55:33.667+08	2017-09-09 01:55:33.667+08	11
7af9cd4d-0d9c-445f-9790-2d5b1bd6814b	1559444720801885	2017-09-09 01:55:33.962+08	2017-09-09 01:55:33.962+08	12
0c3f5687-95b0-48dc-ba24-be2b4f96bc39	1559444720801885	2017-09-09 01:55:34.216+08	2017-09-09 01:55:34.216+08	12
d7098b39-88c8-4455-8b05-b29cf519f916	1559444720801885	2017-09-09 01:55:34.509+08	2017-09-09 01:55:34.509+08	14
3bbea7db-5288-4fad-8816-54472cd473c8	1559444720801885	2017-09-09 01:55:34.668+08	2017-09-09 01:55:34.668+08	15
a6099400-4b8e-4cdc-aa5a-d53fccd32230	1559444720801885	2017-09-09 01:55:34.864+08	2017-09-09 01:55:34.864+08	16
1721b44a-8d68-450d-b221-a6de4a714649	1559444720801885	2017-09-09 01:55:35.192+08	2017-09-09 01:55:35.192+08	17
a19a2e28-bbe9-4baf-bf52-c9ccea7f85d8	1559444720801885	2017-09-09 01:55:35.473+08	2017-09-09 01:55:35.473+08	18
0df5dff8-a7e7-4fee-9032-75e8d10df4d7	1559444720801885	2017-09-09 01:55:35.757+08	2017-09-09 01:55:35.757+08	19
054edde7-aaf3-49c6-a5b6-786cadfee313	1559444720801885	2017-09-09 01:55:36.054+08	2017-09-09 01:55:36.054+08	20
0e020d80-6043-4a8d-8da0-35f02e51444a	1559444720801885	2017-09-09 01:55:36.128+08	2017-09-09 01:55:36.128+08	21
f8798463-99ba-4d14-8123-6f51a5dd2522	1559444720801885	2017-09-09 01:55:36.384+08	2017-09-09 01:55:36.384+08	22
6e977e9c-0276-4cf0-befd-655254ab27ed	1559444720801885	2017-09-09 01:55:36.637+08	2017-09-09 01:55:36.637+08	23
f6d71e24-a51b-48c8-b304-f73e27b1003c	1559444720801885	2017-09-09 01:55:36.771+08	2017-09-09 01:55:36.771+08	23
db2f2f67-7a44-4a20-a765-101adc2dc080	1559444720801885	2017-09-09 01:55:37.024+08	2017-09-09 01:55:37.024+08	24
56226fa9-096b-47b0-a919-c0bdc507604e	1559444720801885	2017-09-09 01:55:37.298+08	2017-09-09 01:55:37.298+08	26
de298c02-966d-4156-b28b-68c450b94d3d	1559444720801885	2017-09-09 01:55:37.547+08	2017-09-09 01:55:37.547+08	27
938f2171-ea82-4eed-9fdc-903c136c9ded	1559444720801885	2017-09-09 01:55:37.866+08	2017-09-09 01:55:37.866+08	27
a889e04d-d5ba-4c92-810d-9ebff8a9da1b	1559444720801885	2017-09-09 01:55:38.135+08	2017-09-09 01:55:38.135+08	29
84392725-1da1-4add-8739-63a69c19b4e8	1559444720801885	2017-09-09 01:55:38.215+08	2017-09-09 01:55:38.215+08	29
ce4f70df-5e80-4c5c-b22b-bd9b817cf483	1559444720801885	2017-09-09 01:55:38.484+08	2017-09-09 01:55:38.484+08	30
e8a18317-d502-452a-b034-aa6f418c833f	1559444720801885	2017-09-09 01:55:38.787+08	2017-09-09 01:55:38.787+08	31
1bcd0f26-4aeb-4a68-ac1f-07ff29206654	1559444720801885	2017-09-09 01:55:39.074+08	2017-09-09 01:55:39.074+08	32
192ec295-749d-46aa-b324-f17b01a06ddd	1559444720801885	2017-09-09 01:55:39.505+08	2017-09-09 01:55:39.505+08	34
bf8073a7-8c0e-408c-8ff1-01cf5fc505dd	1559444720801885	2017-09-09 01:55:39.748+08	2017-09-09 01:55:39.748+08	35
368ebc39-3ca2-4541-b70b-65ed127f57ea	1559444720801885	2017-09-09 01:55:40.048+08	2017-09-09 01:55:40.048+08	36
17843b53-aa85-451d-8e45-50ccff874a61	1559444720801885	2017-09-09 01:55:40.346+08	2017-09-09 01:55:40.346+08	37
306ea250-5cd1-4d9a-8180-4a11916909a2	1559444720801885	2017-09-09 01:55:40.44+08	2017-09-09 01:55:40.44+08	37
109e7e49-2282-433c-8045-df20e0ab0456	1559444720801885	2017-09-09 01:55:40.699+08	2017-09-09 01:55:40.699+08	38
5975bf57-f685-4801-9211-9b308c46e61f	1559444720801885	2017-09-09 01:55:40.994+08	2017-09-09 01:55:40.994+08	40
ca6bed2d-55ce-4547-ae4d-56aa142e5490	1559444720801885	2017-09-09 01:55:41.289+08	2017-09-09 01:55:41.289+08	41
8fafa7d0-dbae-42f9-93ab-9c51437161c1	1559444720801885	2017-09-09 01:55:41.567+08	2017-09-09 01:55:41.567+08	41
b248fd6c-d104-4c90-898b-c3f08354d1a1	1559444720801885	2017-09-09 01:55:41.86+08	2017-09-09 01:55:41.86+08	43
41bec5cd-bb88-4b82-a7fe-18388dab6af3	1559444720801885	2017-09-09 01:55:42.011+08	2017-09-09 01:55:42.011+08	43
0b53e6a1-0246-4290-8e11-c889585ea4a9	1559444720801885	2017-09-09 01:55:42.289+08	2017-09-09 01:55:42.289+08	44
40f8e702-2819-4d3c-a87f-8764d311584b	1559444720801885	2017-09-09 01:55:42.647+08	2017-09-09 01:55:42.647+08	46
39f0695f-262c-44f6-96a5-cedd2687f383	1559444720801885	2017-09-09 01:55:42.855+08	2017-09-09 01:55:42.855+08	47
f4346e52-078d-4176-a475-b5229b359b6d	1559444720801885	2017-09-09 01:55:43.128+08	2017-09-09 01:55:43.128+08	48
28f69244-527f-4b5a-b7a8-d35eddf64136	1559444720801885	2017-09-09 01:55:43.397+08	2017-09-09 01:55:43.397+08	49
35b62485-108e-48d9-ade9-e54f16a6296b	1559444720801885	2017-09-09 01:55:43.669+08	2017-09-09 01:55:43.669+08	49
dfeb4222-6186-43c1-b939-23b9c5b5de9c	1559444720801885	2017-09-09 01:55:43.74+08	2017-09-09 01:55:43.74+08	50
77752222-c979-4707-8227-92e691e7deeb	1559444720801885	2017-09-09 01:55:43.995+08	2017-09-09 01:55:43.995+08	51
7d1783db-3075-4889-b73d-d82a7496125b	1559444720801885	2017-09-09 01:55:44.25+08	2017-09-09 01:55:44.25+08	52
e6d65a37-5b0b-4d4d-bb02-5aa2f3729143	1559444720801885	2017-09-09 01:55:44.366+08	2017-09-09 01:55:44.366+08	52
fdb0f3d2-1416-4a95-974f-0477bbe1a7b2	1559444720801885	2017-09-09 01:55:44.637+08	2017-09-09 01:55:44.637+08	53
7382384e-1f7b-4b95-a2b8-6b24bb6bf863	1559444720801885	2017-09-09 01:55:44.912+08	2017-09-09 01:55:44.912+08	55
4380ef6f-2d09-4b0d-a02c-7cccd96ba0f7	1559444720801885	2017-09-09 01:55:45.162+08	2017-09-09 01:55:45.162+08	56
6aa9fe07-13c4-4449-8862-a821bab04e9c	1559444720801885	2017-09-09 01:55:45.438+08	2017-09-09 01:55:45.438+08	57
dfb5aae6-78c8-4889-a2e9-7e578a28cca8	1559444720801885	2017-09-09 01:55:45.714+08	2017-09-09 01:55:45.714+08	58
ac780079-918a-437b-b618-e0f96f2c17c9	1559444720801885	2017-09-09 01:55:45.821+08	2017-09-09 01:55:45.821+08	59
8a157c8b-a67a-413b-8bd0-65d0e9031073	1559444720801885	2017-09-09 01:55:46.082+08	2017-09-09 01:55:46.082+08	60
2327fb7f-9453-4af1-b995-150905235763	1559444720801885	2017-09-09 01:55:46.333+08	2017-09-09 01:55:46.333+08	61
b5a8d37d-86a7-44e7-9bb4-9ee2b60c00cc	1559444720801885	2017-09-09 01:55:46.603+08	2017-09-09 01:55:46.603+08	62
49e4d21c-110e-4113-9705-f4e1df3bdc7a	1559444720801885	2017-09-09 01:55:46.881+08	2017-09-09 01:55:46.881+08	63
e353d917-a0db-4dd3-a390-ed17686acff8	1559444720801885	2017-09-09 01:55:47.167+08	2017-09-09 01:55:47.167+08	64
85c523f0-2054-4fca-9a74-722767b509f7	1559444720801885	2017-09-09 01:55:47.239+08	2017-09-09 01:55:47.239+08	65
d8732003-1a84-4e52-abb3-0a3254ae6cc2	1559444720801885	2017-09-09 01:55:47.56+08	2017-09-09 01:55:47.56+08	65
550f363f-22a7-4f3d-9d25-51e2dac01cb8	1559444720801885	2017-09-09 01:55:33.142+08	2017-09-09 01:55:33.142+08	10
45a4dfc2-5300-4ae5-9fdd-c817eb576cb5	1559444720801885	2017-09-09 01:55:33.395+08	2017-09-09 01:55:33.395+08	10
fe8aeb94-2e9b-4995-b6e9-c737174c6138	1559444720801885	2017-09-09 01:55:33.741+08	2017-09-09 01:55:33.741+08	10
07289b5b-dff5-4445-be81-50a21ed315e1	1559444720801885	2017-09-09 01:55:34.038+08	2017-09-09 01:55:34.038+08	13
b79d5728-27b1-4d1b-aff4-27f90f0c7e5a	1559444720801885	2017-09-09 01:55:34.269+08	2017-09-09 01:55:34.269+08	13
0f3489a2-2701-4804-accd-6f0d82c6fdd1	1559444720801885	2017-09-09 01:55:34.542+08	2017-09-09 01:55:34.542+08	15
a6082f8e-6296-4498-9cd7-ff5a33520233	1559444720801885	2017-09-09 01:55:34.847+08	2017-09-09 01:55:34.847+08	15
176c0ebc-6e51-4312-b8a3-3512052aa827	1559444720801885	2017-09-09 01:55:35.13+08	2017-09-09 01:55:35.13+08	17
83dce949-c0ec-41db-97ba-66268a7d182c	1559444720801885	2017-09-09 01:55:35.252+08	2017-09-09 01:55:35.252+08	17
9e18f2d5-d000-4c4a-925e-5de480ad8027	1559444720801885	2017-09-09 01:55:35.484+08	2017-09-09 01:55:35.484+08	18
1490a552-563b-415f-ba38-0ca88ef05ffc	1559444720801885	2017-09-09 01:55:35.792+08	2017-09-09 01:55:35.792+08	20
765ec94c-a2e7-4942-8060-0d7ffff394cc	1559444720801885	2017-09-09 01:55:36.112+08	2017-09-09 01:55:36.112+08	21
f5202718-d43d-4b22-b1a7-82d70e784cdf	1559444720801885	2017-09-09 01:55:36.389+08	2017-09-09 01:55:36.389+08	21
127e88ac-8676-4293-a8b7-fbbaa32ebe37	1559444720801885	2017-09-09 01:55:36.666+08	2017-09-09 01:55:36.666+08	23
12261a65-cc0b-4dda-a264-52aaeeab7bed	1559444720801885	2017-09-09 01:55:36.939+08	2017-09-09 01:55:36.939+08	24
56db0ef9-ef49-4454-88bf-3d8866cd9868	1559444720801885	2017-09-09 01:55:37.03+08	2017-09-09 01:55:37.03+08	24
66e2194e-c9d8-4428-b847-3ce94504317a	1559444720801885	2017-09-09 01:55:37.304+08	2017-09-09 01:55:37.304+08	25
934a0092-00ad-44c7-b19a-51cf2d593349	1559444720801885	2017-09-09 01:55:37.595+08	2017-09-09 01:55:37.595+08	27
e8d8fa96-1b23-434d-826d-573f9d106be6	1559444720801885	2017-09-09 01:55:37.872+08	2017-09-09 01:55:37.872+08	28
6756ef94-2be8-4f03-a9a9-5459a165ed63	1559444720801885	2017-09-09 01:55:38.169+08	2017-09-09 01:55:38.169+08	28
b38860d8-f906-443e-aa8c-fc4bf7be9c9e	1559444720801885	2017-09-09 01:55:38.442+08	2017-09-09 01:55:38.442+08	30
5081cf38-c410-4c10-9814-d090855c1b31	1559444720801885	2017-09-09 01:55:38.704+08	2017-09-09 01:55:38.704+08	31
fdbc7ed2-30bd-4ec9-a939-42f269fc98a5	1559444720801885	2017-09-09 01:55:39.028+08	2017-09-09 01:55:39.028+08	31
fae0941a-8255-45c0-a14f-d37658b7a3f8	1559444720801885	2017-09-09 01:55:39.165+08	2017-09-09 01:55:39.165+08	33
8663641a-5d7d-428d-b213-663247a0769d	1559444720801885	2017-09-09 01:55:39.538+08	2017-09-09 01:55:39.538+08	34
79b7632c-7a3b-42bd-aa8d-40269ac33183	1559444720801885	2017-09-09 01:55:39.795+08	2017-09-09 01:55:39.795+08	34
e60aea2f-5f10-4e0a-a9dd-7a5da8ccea1c	1559444720801885	2017-09-09 01:55:40.073+08	2017-09-09 01:55:40.073+08	35
eed45fba-fc7a-4541-b5d8-f8a0768577a3	1559444720801885	2017-09-09 01:55:40.375+08	2017-09-09 01:55:40.375+08	36
997a586f-1f12-4ba7-8fe1-890abc6613b3	1559444720801885	2017-09-09 01:55:40.653+08	2017-09-09 01:55:40.653+08	38
6b63a9ed-dfe4-42e6-8200-bd96529bedcc	1559444720801885	2017-09-09 01:55:40.783+08	2017-09-09 01:55:40.783+08	38
2f52d7ec-704c-4647-abaa-2ac00fcda6b6	1559444720801885	2017-09-09 01:55:41+08	2017-09-09 01:55:41+08	39
be5a6c03-261d-438d-a348-651f122bf3ba	1559444720801885	2017-09-09 01:55:41.294+08	2017-09-09 01:55:41.294+08	40
874455c5-1325-42f8-a428-767a432ba75b	1559444720801885	2017-09-09 01:55:41.592+08	2017-09-09 01:55:41.592+08	41
920feb42-1be4-46e9-afdd-69a0da35c3a7	1559444720801885	2017-09-09 01:55:41.914+08	2017-09-09 01:55:41.914+08	42
33be2b83-b44a-4e83-bac0-3f62e20a7553	1559444720801885	2017-09-09 01:55:42.211+08	2017-09-09 01:55:42.211+08	44
675b2def-1666-4a79-8058-ad25ce9edff8	1559444720801885	2017-09-09 01:55:42.462+08	2017-09-09 01:55:42.462+08	45
d1af6b24-5ae8-474d-ad88-110b0fb03024	1559444720801885	2017-09-09 01:55:42.765+08	2017-09-09 01:55:42.765+08	45
21e68ac8-0389-474f-9f99-baf3324e92fd	1559444720801885	2017-09-09 01:55:42.866+08	2017-09-09 01:55:42.866+08	46
85e509ec-07f2-415b-8c0b-7f89f47e7c6e	1559444720801885	2017-09-09 01:55:43.144+08	2017-09-09 01:55:43.144+08	47
3fec73d8-80b3-4b21-a43b-d17ee4a5fda6	1559444720801885	2017-09-09 01:55:43.442+08	2017-09-09 01:55:43.442+08	48
2b753d52-dc86-4ea8-939d-cbc4ee3fc6c9	1559444720801885	2017-09-09 01:55:43.723+08	2017-09-09 01:55:43.723+08	50
ca9f3120-d495-48d8-9dba-0eb29d01c884	1559444720801885	2017-09-09 01:55:44.024+08	2017-09-09 01:55:44.024+08	52
b5c47679-ef15-41b3-aa0a-1bb7dfdff3a2	1559444720801885	2017-09-09 01:55:44.277+08	2017-09-09 01:55:44.277+08	52
88ef2323-011b-4490-8ef1-e4e081a30b9d	1559444720801885	2017-09-09 01:55:44.518+08	2017-09-09 01:55:44.518+08	53
946a9436-90d2-45d0-9467-4a447fb9e8ac	1559444720801885	2017-09-09 01:55:44.644+08	2017-09-09 01:55:44.644+08	54
8fc697c8-84b2-4791-83f3-c78cee750606	1559444720801885	2017-09-09 01:55:44.918+08	2017-09-09 01:55:44.918+08	55
c85fbd7e-cc50-44ed-af19-e9eceffa83cf	1559444720801885	2017-09-09 01:55:45.168+08	2017-09-09 01:55:45.168+08	55
34ce1533-5603-4747-aa43-5767416f05b0	1559444720801885	2017-09-09 01:55:45.447+08	2017-09-09 01:55:45.447+08	57
f96a8e35-71b3-49f3-9a20-cd1629e64830	1559444720801885	2017-09-09 01:55:45.739+08	2017-09-09 01:55:45.739+08	58
44599181-486c-497b-b5d2-71dfc1ee6fff	1559444720801885	2017-09-09 01:55:45.999+08	2017-09-09 01:55:45.999+08	60
ddd942c5-57d5-4b16-b132-d39089bb8a32	1559444720801885	2017-09-09 01:55:46.153+08	2017-09-09 01:55:46.153+08	60
c681c67b-35ae-40c0-9500-8c3a1cf00e3d	1559444720801885	2017-09-09 01:55:46.339+08	2017-09-09 01:55:46.339+08	61
1a59e82b-0f05-4d3b-97b5-ee96c811c293	1559444720801885	2017-09-09 01:55:46.609+08	2017-09-09 01:55:46.609+08	62
5c7d82e2-6949-447d-bc83-eb7b4f9f707c	1559444720801885	2017-09-09 01:55:46.909+08	2017-09-09 01:55:46.909+08	63
463909ca-b5eb-4a99-a056-b3ae009c9709	1559444720801885	2017-09-09 01:55:47.192+08	2017-09-09 01:55:47.192+08	64
091dcace-8dd0-4d93-be15-876126848a2c	1559444720801885	2017-09-09 01:55:47.475+08	2017-09-09 01:55:47.475+08	66
e6ef854e-bcfe-4d0f-8887-db0551cf54d5	1559444720801885	2017-09-09 01:55:47.71+08	2017-09-09 01:55:47.71+08	65
8e2f03fd-c8c9-4024-a0a3-9c32fad2ea3e	1559444720801885	2017-09-09 01:55:33.148+08	2017-09-09 01:55:33.148+08	9
2db71dfe-4d62-4306-bf37-2dbe65bcea13	1559444720801885	2017-09-09 01:55:33.625+08	2017-09-09 01:55:33.625+08	9
7e8ada01-bddd-4493-8b8f-e463a9823805	1559444720801885	2017-09-09 01:55:33.747+08	2017-09-09 01:55:33.747+08	11
85eaa335-7d18-4b95-8491-3e86d9be701b	1559444720801885	2017-09-09 01:55:34.005+08	2017-09-09 01:55:34.005+08	12
c566a9b7-6aa0-467a-9dd9-1ead9c57163a	1559444720801885	2017-09-09 01:55:34.263+08	2017-09-09 01:55:34.263+08	14
d25b56c8-b2e7-43c1-9087-d6bfb3360f30	1559444720801885	2017-09-09 01:55:34.536+08	2017-09-09 01:55:34.536+08	14
13cbfe56-13a5-453a-92c9-6d7119c2d9ab	1559444720801885	2017-09-09 01:55:34.817+08	2017-09-09 01:55:34.817+08	16
bf85d488-c800-441a-8f04-06bfd28db8ad	1559444720801885	2017-09-09 01:55:34.951+08	2017-09-09 01:55:34.951+08	16
e6775fad-8b2a-4c64-8926-29fea28df11f	1559444720801885	2017-09-09 01:55:35.246+08	2017-09-09 01:55:35.246+08	17
7d67af16-e86f-4acd-a6d6-14b6240356cb	1559444720801885	2017-09-09 01:55:35.479+08	2017-09-09 01:55:35.479+08	18
5f98e6fe-3571-43a7-997f-6fd567ee3548	1559444720801885	2017-09-09 01:55:35.769+08	2017-09-09 01:55:35.769+08	19
3d98feba-bf98-48f9-bdb5-5bc44de14f0f	1559444720801885	2017-09-09 01:55:36.08+08	2017-09-09 01:55:36.08+08	20
8dad08eb-a0c1-4900-a3ef-5363d5df13b6	1559444720801885	2017-09-09 01:55:36.355+08	2017-09-09 01:55:36.355+08	21
f4b5890f-6342-40d5-8d5d-e8cc6f1aeebc	1559444720801885	2017-09-09 01:55:36.485+08	2017-09-09 01:55:36.485+08	22
699d2363-b8f2-4e5b-866e-240bf0e44fe8	1559444720801885	2017-09-09 01:55:36.702+08	2017-09-09 01:55:36.702+08	23
c0490ae8-d322-402d-ba28-6f855fd15599	1559444720801885	2017-09-09 01:55:37.019+08	2017-09-09 01:55:37.019+08	25
174093fb-e8de-4b3d-829a-f372d5cfd883	1559444720801885	2017-09-09 01:55:37.292+08	2017-09-09 01:55:37.292+08	25
0c1f4599-12da-4f06-90f8-d1ccc927b934	1559444720801885	2017-09-09 01:55:37.542+08	2017-09-09 01:55:37.542+08	26
a8a2e9df-a1aa-454c-8e53-9dd93cc1cdbd	1559444720801885	2017-09-09 01:55:37.837+08	2017-09-09 01:55:37.837+08	28
e06e039d-c779-4b5a-9b7c-7976a0617ec5	1559444720801885	2017-09-09 01:55:37.949+08	2017-09-09 01:55:37.949+08	28
800a0716-4ac9-4ef3-9975-baed6931aa78	1559444720801885	2017-09-09 01:55:38.21+08	2017-09-09 01:55:38.21+08	29
47da53ea-e6af-460c-aeda-5b5f1058af0e	1559444720801885	2017-09-09 01:55:38.479+08	2017-09-09 01:55:38.479+08	30
2c06833e-6c38-4157-99fb-e90f4fb8bbd2	1559444720801885	2017-09-09 01:55:38.777+08	2017-09-09 01:55:38.777+08	31
be4c1678-7f5b-40dd-9bc8-8e26c27b2d1a	1559444720801885	2017-09-09 01:55:39.068+08	2017-09-09 01:55:39.068+08	32
8dac3835-db59-4daa-b165-63d4bc775479	1559444720801885	2017-09-09 01:55:39.375+08	2017-09-09 01:55:39.375+08	33
3fa12ef4-08da-401b-b1a1-40ba8e450703	1559444720801885	2017-09-09 01:55:39.743+08	2017-09-09 01:55:39.743+08	35
4bd9eae4-0d10-4392-b5e1-9b59f9cb588c	1559444720801885	2017-09-09 01:55:40.02+08	2017-09-09 01:55:40.02+08	35
61eeb1b1-49e9-4138-9b70-45570caaeea4	1559444720801885	2017-09-09 01:55:40.153+08	2017-09-09 01:55:40.153+08	36
41f4217e-f9d6-419a-9563-96a9a673f3bd	1559444720801885	2017-09-09 01:55:40.431+08	2017-09-09 01:55:40.431+08	37
63ef924a-79f3-4441-8374-6f4a0e730493	1559444720801885	2017-09-09 01:55:40.693+08	2017-09-09 01:55:40.693+08	38
34d7e98e-9504-4a8d-ab8d-b16b28c91f58	1559444720801885	2017-09-09 01:55:40.985+08	2017-09-09 01:55:40.985+08	39
b9ec824b-362d-4f80-9e57-8fd8bf2b5e5b	1559444720801885	2017-09-09 01:55:41.262+08	2017-09-09 01:55:41.262+08	41
87746087-a238-410d-b39b-9e82d321b251	1559444720801885	2017-09-09 01:55:41.539+08	2017-09-09 01:55:41.539+08	42
187df734-b97e-40e1-a034-5866a19e47e8	1559444720801885	2017-09-09 01:55:41.609+08	2017-09-09 01:55:41.609+08	42
eec9376c-4506-47a0-b027-51d0fec499b3	1559444720801885	2017-09-09 01:55:41.908+08	2017-09-09 01:55:41.908+08	43
aef3c3ac-c539-40ac-9748-bde2f04ab07c	1559444720801885	2017-09-09 01:55:42.186+08	2017-09-09 01:55:42.186+08	44
1a8346e9-a555-47da-8164-3e936bd5ab8f	1559444720801885	2017-09-09 01:55:42.433+08	2017-09-09 01:55:42.433+08	45
caca98c3-44d2-48d2-9471-e7ba6c168060	1559444720801885	2017-09-09 01:55:42.677+08	2017-09-09 01:55:42.677+08	46
e3966431-5e66-4b27-816e-a69cf0d96596	1559444720801885	2017-09-09 01:55:42.861+08	2017-09-09 01:55:42.861+08	46
b4da1fa9-8926-4824-9fab-aca431387468	1559444720801885	2017-09-09 01:55:43.137+08	2017-09-09 01:55:43.137+08	48
8c4d084e-c6b8-493d-a534-019e2e38512a	1559444720801885	2017-09-09 01:55:43.436+08	2017-09-09 01:55:43.436+08	49
f98c3d20-89b6-405f-a190-5b88be6da490	1559444720801885	2017-09-09 01:55:43.698+08	2017-09-09 01:55:43.698+08	50
5373ca29-aa69-4a68-8e1a-528993565e47	1559444720801885	2017-09-09 01:55:43.965+08	2017-09-09 01:55:43.965+08	51
278ca932-0525-447f-b222-2b73259a3f18	1559444720801885	2017-09-09 01:55:44.041+08	2017-09-09 01:55:44.041+08	51
6c6d9ef2-9a68-43e7-aa41-2cbd33a9e790	1559444720801885	2017-09-09 01:55:44.36+08	2017-09-09 01:55:44.36+08	52
fb0d261b-f300-496c-8838-4b197015fec1	1559444720801885	2017-09-09 01:55:44.588+08	2017-09-09 01:55:44.588+08	54
c3be3557-b525-4116-8b36-7b9e0d97aa2d	1559444720801885	2017-09-09 01:55:44.882+08	2017-09-09 01:55:44.882+08	54
4145440c-9a0a-4b1a-868a-879e202eab50	1559444720801885	2017-09-09 01:55:45.136+08	2017-09-09 01:55:45.136+08	56
cb98b75f-cf41-4cc9-b7b0-f2675e0b6b3e	1559444720801885	2017-09-09 01:55:45.413+08	2017-09-09 01:55:45.413+08	57
40533c3c-fd05-47b4-888f-3023de03e3ce	1559444720801885	2017-09-09 01:55:45.523+08	2017-09-09 01:55:45.523+08	58
c1784fce-ce1b-4514-a2c2-3b17138cbf01	1559444720801885	2017-09-09 01:55:45.815+08	2017-09-09 01:55:45.815+08	58
fc4531f1-29ad-4a85-8ee6-ff3e6403e210	1559444720801885	2017-09-09 01:55:46.077+08	2017-09-09 01:55:46.077+08	59
c6873968-726a-4ab6-9158-a2075f6cc8be	1559444720801885	2017-09-09 01:55:46.328+08	2017-09-09 01:55:46.328+08	60
47baeedf-494a-4cdb-99bc-e20d1c0847fd	1559444720801885	2017-09-09 01:55:46.573+08	2017-09-09 01:55:46.573+08	62
5b760de4-0765-42ad-9e49-fac6d3a03818	1559444720801885	2017-09-09 01:55:46.856+08	2017-09-09 01:55:46.856+08	63
5cb5d1fe-cda3-4af6-99de-614758c4ad40	1559444720801885	2017-09-09 01:55:46.969+08	2017-09-09 01:55:46.969+08	63
6da6b7ec-5952-4c43-8f21-d0c7c7d877ea	1559444720801885	2017-09-09 01:55:47.233+08	2017-09-09 01:55:47.233+08	65
42e1415c-e6e2-4b03-9e14-f0eb62df5fd5	1559444720801885	2017-09-09 01:55:47.552+08	2017-09-09 01:55:47.552+08	65
d5d6f676-3946-4eb8-b40d-3f1577822f5b	1559444720801885	2017-09-09 01:55:55.91+08	2017-09-09 01:55:55.91+08	5
9e0419fd-4451-40ee-bf70-c4642e698e5b	1559444720801885	2017-09-09 01:55:55.941+08	2017-09-09 01:55:55.941+08	2
a83d7448-d35c-403a-bcdc-14653e1ca654	1559444720801885	2017-09-09 01:55:55.953+08	2017-09-09 01:55:55.953+08	4
71753498-3ac5-43f6-a9af-cb23d65ee538	1559444720801885	2017-09-09 01:55:55.959+08	2017-09-09 01:55:55.959+08	3
834ccbc5-5939-4958-83ad-25700ebbb5d9	1559444720801885	2017-09-09 01:55:55.966+08	2017-09-09 01:55:55.966+08	1
8c2e5c8b-7796-4a3e-bc44-758febd46035	1559444720801885	2017-09-09 01:55:56.331+08	2017-09-09 01:55:56.331+08	8
0f146fd1-31fb-4f44-8cd9-f8bba83fe8b0	1559444720801885	2017-09-09 01:55:56.356+08	2017-09-09 01:55:56.356+08	7
b29dbf08-8210-4834-bade-5df893ddd576	1559444720801885	2017-09-09 01:55:56.362+08	2017-09-09 01:55:56.362+08	6
801c80ee-fb90-48c6-bf6a-d1ef936d8124	1559444720801885	2017-09-09 01:55:56.419+08	2017-09-09 01:55:56.419+08	11
bbe1e3b5-baca-409a-8ba6-c9c0470f03f3	1559444720801885	2017-09-09 01:55:56.425+08	2017-09-09 01:55:56.425+08	9
79bd9a70-5f47-4ed6-b241-ea8b72f286ca	1559444720801885	2017-09-09 01:55:56.43+08	2017-09-09 01:55:56.43+08	10
b847d027-4ed1-484a-a7bb-71a939c37176	1559444720801885	2017-09-09 01:55:56.68+08	2017-09-09 01:55:56.68+08	13
27df2254-18b0-47c4-9d31-147c93ff2874	1559444720801885	2017-09-09 01:55:56.709+08	2017-09-09 01:55:56.709+08	12
54f31757-df7c-47c6-aed6-9512a32b9d30	1559444720801885	2017-09-09 01:55:56.858+08	2017-09-09 01:55:56.858+08	18
240dcb4e-3247-4d16-91af-43c03055faff	1559444720801885	2017-09-09 01:55:56.886+08	2017-09-09 01:55:56.886+08	19
8bd95262-0fd4-40ba-bdfe-385aa1412920	1559444720801885	2017-09-09 01:55:57.105+08	2017-09-09 01:55:57.105+08	14
9fe895ff-6a04-4d6d-9e6f-6a6f7963a405	1559444720801885	2017-09-09 01:55:57.134+08	2017-09-09 01:55:57.134+08	15
0654d8bb-06f2-4db4-895e-1f904ed4d38d	1559444720801885	2017-09-09 01:55:57.14+08	2017-09-09 01:55:57.14+08	16
67525a9b-fa64-43c3-80e0-80340defd9dd	1559444720801885	2017-09-09 01:55:57.187+08	2017-09-09 01:55:57.187+08	17
e69b45d7-c765-426e-86a1-9b9187300154	1559444720801885	2017-09-09 01:55:57.194+08	2017-09-09 01:55:57.194+08	20
dcba51f9-26db-4b00-ba43-c5900461a89b	1559444720801885	2017-09-09 01:55:57.204+08	2017-09-09 01:55:57.204+08	21
8c3b4bd2-8aa5-4f45-bf8d-d460320c68c1	1559444720801885	2017-09-09 01:55:57.502+08	2017-09-09 01:55:57.502+08	22
bb1278fa-d88f-4513-a3c6-709c31fb7be7	1559444720801885	2017-09-09 01:55:57.528+08	2017-09-09 01:55:57.528+08	24
88a1819c-1460-4e0e-bdc1-95ad52442b7b	1559444720801885	2017-09-09 01:55:57.535+08	2017-09-09 01:55:57.535+08	27
cc597477-2ee4-452d-b60f-6c4cc4f693af	1559444720801885	2017-09-09 01:55:57.583+08	2017-09-09 01:55:57.583+08	26
9ceaae7e-5806-464e-9efc-49978c64a0a7	1559444720801885	2017-09-09 01:55:57.588+08	2017-09-09 01:55:57.588+08	23
2f8bc62f-99e3-4804-8631-c035e5922be4	1559444720801885	2017-09-09 01:55:57.594+08	2017-09-09 01:55:57.594+08	25
50f23281-4c38-4b95-8825-95c6074233bc	1559444720801885	2017-09-09 01:55:57.851+08	2017-09-09 01:55:57.851+08	29
c2293fa8-cff6-4db3-8530-95ddeebaa128	1559444720801885	2017-09-09 01:55:57.881+08	2017-09-09 01:55:57.881+08	28
6d2f07f3-8ea1-4c5d-b821-18f212ef5b77	1559444720801885	2017-09-09 01:55:57.887+08	2017-09-09 01:55:57.887+08	32
ecf345a1-1883-4974-b384-242fdaddfbaa	1559444720801885	2017-09-09 01:55:58.257+08	2017-09-09 01:55:58.257+08	39
d4e3a38b-7291-42e3-a548-0a87e53497bc	1559444720801885	2017-09-09 01:55:58.512+08	2017-09-09 01:55:58.512+08	43
f9b18ad6-b51d-4a22-84b4-53ab6dccbc73	1559444720801885	2017-09-09 01:55:58.822+08	2017-09-09 01:55:58.822+08	46
f97d2328-5f1c-4299-a94a-678c436a1cbb	1559444720801885	2017-09-09 01:55:59.136+08	2017-09-09 01:55:59.136+08	52
c12a7e57-beca-4194-ad17-2eb66687164f	1559444720801885	2017-09-09 01:55:59.192+08	2017-09-09 01:55:59.192+08	50
8d22168c-e2f6-4676-bdda-26f53ee3cde3	1559444720801885	2017-09-09 01:55:59.557+08	2017-09-09 01:55:59.557+08	60
e379f981-0342-4efc-9523-bf89e07bff98	1559444720801885	2017-09-09 01:55:59.892+08	2017-09-09 01:55:59.892+08	62
8f10e036-0016-468a-be28-dfb0285ed191	1559444720801885	2017-09-09 01:56:00.035+08	2017-09-09 01:56:00.035+08	66
d21b365b-f29d-494c-a48c-3428ce4af633	1559444720801885	2017-09-09 01:56:00.312+08	2017-09-09 01:56:00.312+08	71
ddbe2813-cfe8-4cb4-870a-5d4df5bf33af	1559444720801885	2017-09-09 01:56:00.626+08	2017-09-09 01:56:00.626+08	77
726a5b4e-5475-4fa2-8cac-346b48d69b76	1559444720801885	2017-09-09 01:56:01.023+08	2017-09-09 01:56:01.023+08	84
4dee2891-2bda-401f-b1e7-2eb647d4a3f1	1559444720801885	2017-09-09 01:56:01.508+08	2017-09-09 01:56:01.508+08	85
ecb611b2-813d-4e82-9fec-800d0adfd9c1	1559444720801885	2017-09-09 01:56:01.9+08	2017-09-09 01:56:01.9+08	91
fd2eebad-b869-4449-8eb0-b745d1a54d83	1559444720801885	2017-09-09 01:55:57.893+08	2017-09-09 01:55:57.893+08	33
c3a6392b-9ace-4779-9f3c-165026b5a86c	1559444720801885	2017-09-09 01:55:58.267+08	2017-09-09 01:55:58.267+08	38
d56290b5-d38b-4679-b9c3-43c9838fbb90	1559444720801885	2017-09-09 01:55:58.561+08	2017-09-09 01:55:58.561+08	41
c63560ad-3669-46e4-be0c-5ee97509abba	1559444720801885	2017-09-09 01:55:58.848+08	2017-09-09 01:55:58.848+08	47
04df3be8-e78e-4da6-ba21-9c70275634e0	1559444720801885	2017-09-09 01:55:59.167+08	2017-09-09 01:55:59.167+08	55
b4f6683c-c440-4794-b117-29cfa7bd300c	1559444720801885	2017-09-09 01:55:59.587+08	2017-09-09 01:55:59.587+08	61
539702c2-52b7-48c2-b127-41f7fbd48e38	1559444720801885	2017-09-09 01:55:59.916+08	2017-09-09 01:55:59.916+08	65
324ce9f5-51e4-4026-95ab-04303b414728	1559444720801885	2017-09-09 01:56:00.223+08	2017-09-09 01:56:00.223+08	68
c3a3eee9-4ad4-4ac8-a9ac-d09b439a60ef	1559444720801885	2017-09-09 01:56:00.317+08	2017-09-09 01:56:00.317+08	70
f6aee60c-2bf4-4bd1-a6c4-473ae051a853	1559444720801885	2017-09-09 01:56:00.632+08	2017-09-09 01:56:00.632+08	76
399d9793-2656-464b-9c33-6c14a57b3421	1559444720801885	2017-09-09 01:56:01.028+08	2017-09-09 01:56:01.028+08	83
5f2d8606-f117-49d3-92ad-7ccb028dde01	1559444720801885	2017-09-09 01:56:01.513+08	2017-09-09 01:56:01.513+08	87
5bfb8a25-024a-4423-a19b-0c95a6600f5c	1559444720801885	2017-09-09 01:56:01.93+08	2017-09-09 01:56:01.93+08	92
df86dd95-b4a9-4d67-9a85-847eedabe815	1559444720801885	2017-09-09 01:55:57.963+08	2017-09-09 01:55:57.963+08	30
6a5bb348-0fda-41f5-9d22-f0a23e00fa63	1559444720801885	2017-09-09 01:55:58.272+08	2017-09-09 01:55:58.272+08	36
106340d0-c472-407b-b7de-174dc5e6c03c	1559444720801885	2017-09-09 01:55:58.567+08	2017-09-09 01:55:58.567+08	40
1f50ec74-3332-45d8-85e7-d4fcfe01d28f	1559444720801885	2017-09-09 01:55:58.858+08	2017-09-09 01:55:58.858+08	45
a4aac9e0-5a3a-43ba-b263-1802c65ad07a	1559444720801885	2017-09-09 01:55:59.173+08	2017-09-09 01:55:59.173+08	54
b316cd7d-9638-438b-ad68-acbc688b1703	1559444720801885	2017-09-09 01:55:59.593+08	2017-09-09 01:55:59.593+08	58
d7cb69e3-19dc-4568-a263-577c39ea1b46	1559444720801885	2017-09-09 01:55:59.942+08	2017-09-09 01:55:59.942+08	63
b0aeff4c-9bb5-4752-a1d6-4fde1f601a31	1559444720801885	2017-09-09 01:56:00.253+08	2017-09-09 01:56:00.253+08	67
f5575716-0c2c-443d-8ea5-630da70113ea	1559444720801885	2017-09-09 01:56:00.587+08	2017-09-09 01:56:00.587+08	75
916a12b5-efab-4746-83a7-f0690f85d401	1559444720801885	2017-09-09 01:56:00.72+08	2017-09-09 01:56:00.72+08	74
4484a654-f710-4d96-bad7-4c4bb3d25b02	1559444720801885	2017-09-09 01:56:01.096+08	2017-09-09 01:56:01.096+08	81
09c90e53-1525-4cbb-afd4-3da3567eb3c9	1559444720801885	2017-09-09 01:56:01.519+08	2017-09-09 01:56:01.519+08	90
21070677-3a5a-456d-b3cf-fab79ee332fe	1559444720801885	2017-09-09 01:56:01.935+08	2017-09-09 01:56:01.935+08	93
c74b7029-2469-4a84-8c00-7afded19cb8f	1559444720801885	2017-09-09 01:55:57.969+08	2017-09-09 01:55:57.969+08	31
b194469c-464d-4650-b00b-ee1fca6fbab5	1559444720801885	2017-09-09 01:55:58.481+08	2017-09-09 01:55:58.481+08	37
b6ecae53-c411-408e-bcaa-596d68186ccc	1559444720801885	2017-09-09 01:55:58.621+08	2017-09-09 01:55:58.621+08	35
dce0ff0d-c93f-410b-969f-677e6d81b172	1559444720801885	2017-09-09 01:55:58.863+08	2017-09-09 01:55:58.863+08	49
700e9988-69a8-42a7-a94a-f3fa4545810b	1559444720801885	2017-09-09 01:55:59.179+08	2017-09-09 01:55:59.179+08	51
b76f9428-d4ec-4c31-8b40-469964f23875	1559444720801885	2017-09-09 01:55:59.599+08	2017-09-09 01:55:59.599+08	57
1b51c23c-3f61-4e54-b364-fca7b40ad39b	1559444720801885	2017-09-09 01:55:59.976+08	2017-09-09 01:55:59.976+08	59
5e17d976-ac13-4249-a962-e0c935d68d2c	1559444720801885	2017-09-09 01:56:00.258+08	2017-09-09 01:56:00.258+08	69
5fd4abad-ba3b-4611-a349-4f8294581e67	1559444720801885	2017-09-09 01:56:00.612+08	2017-09-09 01:56:00.612+08	78
5b9d0a9a-e8bf-4b1a-bf1b-7b43b077f91a	1559444720801885	2017-09-09 01:56:00.992+08	2017-09-09 01:56:00.992+08	79
4e884ab9-d21d-480a-9dd0-a7a9cee3c3c0	1559444720801885	2017-09-09 01:56:01.106+08	2017-09-09 01:56:01.106+08	82
baac5c71-d193-4b87-a83f-f0cbc4d74424	1559444720801885	2017-09-09 01:56:01.524+08	2017-09-09 01:56:01.524+08	88
120e85c5-c796-4235-8da2-d325f0a743d8	1559444720801885	2017-09-09 01:55:58.232+08	2017-09-09 01:55:58.232+08	34
814406e3-2f87-492a-be1d-70ccf9b1a8c2	1559444720801885	2017-09-09 01:55:58.506+08	2017-09-09 01:55:58.506+08	42
268d9981-51b4-47a6-811c-e5bcae815139	1559444720801885	2017-09-09 01:55:58.797+08	2017-09-09 01:55:58.797+08	44
f4116436-a332-4ad1-9903-e1e9a82b679f	1559444720801885	2017-09-09 01:55:58.869+08	2017-09-09 01:55:58.869+08	48
69c89243-57e2-4409-aea6-e0b53ce48567	1559444720801885	2017-09-09 01:55:59.185+08	2017-09-09 01:55:59.185+08	53
c7482eb7-329b-4666-875c-84fd1be5fb7d	1559444720801885	2017-09-09 01:55:59.604+08	2017-09-09 01:55:59.604+08	56
4d8afa57-244b-4a08-95dc-d14a908a7b57	1559444720801885	2017-09-09 01:55:59.982+08	2017-09-09 01:55:59.982+08	64
ceb1ca70-d414-48e5-8b63-e46e280e3bac	1559444720801885	2017-09-09 01:56:00.306+08	2017-09-09 01:56:00.306+08	72
4338c4cb-ebd9-4c07-948d-5e8a2ecb98a0	1559444720801885	2017-09-09 01:56:00.621+08	2017-09-09 01:56:00.621+08	73
f6408f50-9239-42a6-92a1-b13d169167ed	1559444720801885	2017-09-09 01:56:01.017+08	2017-09-09 01:56:01.017+08	80
5ccf0e3e-e421-4c77-9048-4981f3ffded2	1559444720801885	2017-09-09 01:56:01.483+08	2017-09-09 01:56:01.483+08	86
367dc20d-093a-4480-8835-166bab6b1656	1559444720801885	2017-09-09 01:56:01.612+08	2017-09-09 01:56:01.612+08	89
1ac176ab-dfa0-423b-97a4-fe2ed8481cd6	1559444720801885	2017-09-09 02:10:54.724+08	2017-09-09 02:10:54.724+08	1
d2c5daf2-a8b2-4d7a-b0f2-25e5364ab735	1559444720801885	2017-09-09 02:10:54.754+08	2017-09-09 02:10:54.754+08	2
06af9691-08c8-421f-ab1f-359c35898a52	1559444720801885	2017-09-09 02:10:54.76+08	2017-09-09 02:10:54.76+08	4
1a2b33ba-429a-4ff2-ae1e-7efad9450423	1559444720801885	2017-09-09 02:10:54.766+08	2017-09-09 02:10:54.766+08	3
3e08c0b6-12d2-4fc6-9578-48dc3159beda	1559444720801885	2017-09-09 02:10:54.771+08	2017-09-09 02:10:54.771+08	5
6c74eccd-22d0-4aea-ad4b-e40a818d938e	1559444720801885	2017-09-09 02:10:55.044+08	2017-09-09 02:10:55.044+08	6
e9d22e37-a611-40d6-a34a-411313e8eb26	1559444720801885	2017-09-09 02:10:55.072+08	2017-09-09 02:10:55.072+08	10
40d17cc6-122b-47e8-bebe-1637701887f2	1559444720801885	2017-09-09 02:10:55.079+08	2017-09-09 02:10:55.079+08	9
a95388d7-e41f-4979-b2a9-11b91fa32ddb	1559444720801885	2017-09-09 02:10:55.131+08	2017-09-09 02:10:55.131+08	8
400610ca-4bde-4309-a246-3db69d878853	1559444720801885	2017-09-09 02:10:55.138+08	2017-09-09 02:10:55.138+08	11
b53e3204-4336-4715-b2e9-fbc8ccee60eb	1559444720801885	2017-09-09 02:10:55.147+08	2017-09-09 02:10:55.147+08	7
eae94e7e-86a3-4428-a205-efd4f21d373b	1559444720801885	2017-09-09 02:10:55.403+08	2017-09-09 02:10:55.403+08	13
d92b3b9c-fd16-4fe9-9b8d-30cee0900e86	1559444720801885	2017-09-09 02:10:55.43+08	2017-09-09 02:10:55.43+08	16
c7ddedd3-b25f-423f-ab4a-5358fe2dc2d5	1559444720801885	2017-09-09 02:10:55.46+08	2017-09-09 02:10:55.46+08	15
8dfb14e2-5531-4a31-a92d-9bb7f71ac8f4	1559444720801885	2017-09-09 02:10:55.468+08	2017-09-09 02:10:55.468+08	12
a34ca7af-061b-4e6a-a627-b98cfb740bbb	1559444720801885	2017-09-09 02:10:55.473+08	2017-09-09 02:10:55.473+08	17
158a5846-8cdc-4f18-897f-9b96f6ec2309	1559444720801885	2017-09-09 02:10:55.479+08	2017-09-09 02:10:55.479+08	14
eed4ddb4-51e8-4a9a-98ca-07ee614b3eb9	1559444720801885	2017-09-09 02:10:55.724+08	2017-09-09 02:10:55.724+08	23
f5fd76e6-bb74-4414-ba27-85f44b820c0e	1559444720801885	2017-09-09 02:10:55.751+08	2017-09-09 02:10:55.751+08	22
fefcccc4-adc7-4000-9358-a77ba0278daf	1559444720801885	2017-09-09 02:10:55.757+08	2017-09-09 02:10:55.757+08	18
3cfad86c-a165-4cf1-a562-f8d11bbafa33	1559444720801885	2017-09-09 02:10:55.763+08	2017-09-09 02:10:55.763+08	19
d6ba6822-a347-4baa-8982-93c24563e858	1559444720801885	2017-09-09 02:10:55.77+08	2017-09-09 02:10:55.77+08	20
4ef13739-c237-4df2-b217-a1e7b3b10010	1559444720801885	2017-09-09 02:10:55.86+08	2017-09-09 02:10:55.86+08	21
1aa59875-8a8c-4013-8441-b0a66f66847a	1559444720801885	2017-09-09 02:10:56.028+08	2017-09-09 02:10:56.028+08	24
06f819e7-6bcc-4fb9-bd62-53fac04db32f	1559444720801885	2017-09-09 02:10:56.058+08	2017-09-09 02:10:56.058+08	25
ebf4399f-80d9-4c96-bc8d-23491fa1f2df	1559444720801885	2017-09-09 02:10:56.09+08	2017-09-09 02:10:56.09+08	27
76648def-6a4a-49ce-a0a6-fbe044cbdd78	1559444720801885	2017-09-09 02:10:56.098+08	2017-09-09 02:10:56.098+08	29
e03b9572-34fb-42f7-9cdc-8c549cea5a26	1559444720801885	2017-09-09 02:10:56.307+08	2017-09-09 02:10:56.307+08	32
fa24906d-edbe-41ab-a871-dbc2a8375a13	1559444720801885	2017-09-09 02:10:56.335+08	2017-09-09 02:10:56.335+08	30
1d6c7a74-dff7-4bd3-bcba-f7a448f53183	1559444720801885	2017-09-09 02:10:56.342+08	2017-09-09 02:10:56.342+08	31
26771ff4-d8f8-4881-82af-f3d1214394b7	1559444720801885	2017-09-09 02:10:56.348+08	2017-09-09 02:10:56.348+08	33
51522653-6322-462d-abf3-1edd7386c634	1559444720801885	2017-09-09 02:10:56.419+08	2017-09-09 02:10:56.419+08	26
272455ec-e0eb-450a-90cd-9c221aa4d178	1559444720801885	2017-09-09 02:10:56.426+08	2017-09-09 02:10:56.426+08	28
ad57e333-3faf-4eb1-9c29-7f0e251453b8	1559444720801885	2017-09-09 02:10:56.649+08	2017-09-09 02:10:56.649+08	36
eb914300-3619-4e15-bef1-360b5f30bd5b	1559444720801885	2017-09-09 02:10:56.705+08	2017-09-09 02:10:56.705+08	38
20abe8c1-b493-4ead-95cd-3ebb92f3a308	1559444720801885	2017-09-09 02:10:56.716+08	2017-09-09 02:10:56.716+08	37
c84d84d9-d497-4129-bc78-a2ade81446b7	1559444720801885	2017-09-09 02:10:56.722+08	2017-09-09 02:10:56.722+08	34
99a44d2a-6f07-4428-babf-f38f6ec83ec2	1559444720801885	2017-09-09 02:10:56.727+08	2017-09-09 02:10:56.727+08	35
a3ea97c1-0894-43c9-99e4-88525bf3e070	1559444720801885	2017-09-09 02:10:56.733+08	2017-09-09 02:10:56.733+08	39
ee36e786-7911-49aa-982a-db541c698daa	1559444720801885	2017-09-09 02:10:57.006+08	2017-09-09 02:10:57.006+08	40
f478120e-4c11-4903-86c8-7cd11ebe7896	1559444720801885	2017-09-09 02:10:57.031+08	2017-09-09 02:10:57.031+08	44
83a0f359-4453-466e-a5e2-30baa6e36457	1559444720801885	2017-09-09 02:10:57.037+08	2017-09-09 02:10:57.037+08	42
aa6322f9-199f-4e3f-9ee3-65c46b192ff6	1559444720801885	2017-09-09 02:10:57.085+08	2017-09-09 02:10:57.085+08	45
d57a3fef-22d3-44e5-9d67-94e0073f08a3	1559444720801885	2017-09-09 02:10:57.09+08	2017-09-09 02:10:57.09+08	41
90bedc6a-1ae0-4e09-bd5a-0367508d4a49	1559444720801885	2017-09-09 02:10:57.096+08	2017-09-09 02:10:57.096+08	43
e93e5786-2fc7-4078-a3c2-120b17c10be1	1559444720801885	2017-09-09 02:10:57.321+08	2017-09-09 02:10:57.321+08	46
b47bb1b6-f7ba-44a8-ae7d-4c4ef3185dff	1559444720801885	2017-09-09 02:10:57.327+08	2017-09-09 02:10:57.327+08	48
46ff8558-b01c-4c72-afc1-8a168b92ad05	1559444720801885	2017-09-09 02:10:57.37+08	2017-09-09 02:10:57.37+08	49
b523a120-a0a4-4c8b-b43e-5aeb6bb3bc0d	1559444720801885	2017-09-09 02:10:57.38+08	2017-09-09 02:10:57.38+08	50
ee267ef6-0935-4719-a927-c99c29461116	1559444720801885	2017-09-09 02:10:57.385+08	2017-09-09 02:10:57.385+08	47
45623c1d-253e-4f9f-b7b6-da455bb67002	1559444720801885	2017-09-09 02:10:57.393+08	2017-09-09 02:10:57.393+08	51
5309344c-f12b-4170-821f-fe1883c93cb5	1559444720801885	2017-09-09 02:10:57.636+08	2017-09-09 02:10:57.636+08	53
fb924a80-9337-4227-a2a5-b9ee23467b6e	1559444720801885	2017-09-09 02:10:57.664+08	2017-09-09 02:10:57.664+08	56
b10042db-3fe1-4e87-a756-83c91989095e	1559444720801885	2017-09-09 02:10:57.67+08	2017-09-09 02:10:57.67+08	52
b71b4f21-3fd8-44ee-9aa2-fd4e9ed72b3e	1559444720801885	2017-09-09 02:10:57.676+08	2017-09-09 02:10:57.676+08	57
52fe65a8-c921-4966-bb30-e1157439c147	1559444720801885	2017-09-09 02:10:57.681+08	2017-09-09 02:10:57.681+08	55
833e76b1-51a2-4e24-897c-2ebd6e06edd8	1559444720801885	2017-09-09 02:10:57.687+08	2017-09-09 02:10:57.687+08	54
bdb59ef2-f5c5-42b9-a0a2-d50f26c38f7b	1559444720801885	2017-09-09 02:10:57.937+08	2017-09-09 02:10:57.937+08	58
ff398c15-6c52-481b-8ac4-e7002876b10b	1559444720801885	2017-09-09 02:10:57.971+08	2017-09-09 02:10:57.971+08	59
dcb7caca-654d-4752-994d-16044cbfa86e	1559444720801885	2017-09-09 02:10:57.997+08	2017-09-09 02:10:57.997+08	61
0fc99f79-6738-403f-a893-ba021f23c8d6	1559444720801885	2017-09-09 02:10:58.003+08	2017-09-09 02:10:58.003+08	62
085fbcec-23fe-42b3-b735-f23a9385f0d6	1559444720801885	2017-09-09 02:10:58.008+08	2017-09-09 02:10:58.008+08	60
3c9c99c5-c4ba-479e-805f-69cee209bce6	1559444720801885	2017-09-09 02:10:58.014+08	2017-09-09 02:10:58.014+08	63
1b3a8daf-4de8-42f6-878b-a269abf72faa	1559444720801885	2017-09-09 02:10:58.258+08	2017-09-09 02:10:58.258+08	67
3475a00d-76d6-42ea-81ae-2c057e1cb280	1559444720801885	2017-09-09 02:10:58.285+08	2017-09-09 02:10:58.285+08	66
c0b0101e-57cb-45c2-a4a1-70e6bbf15460	1559444720801885	2017-09-09 02:10:58.291+08	2017-09-09 02:10:58.291+08	68
aca9c23a-155a-4114-a49a-c8a28b46f3bd	1559444720801885	2017-09-09 02:10:58.301+08	2017-09-09 02:10:58.301+08	65
78bddc0a-a2f0-4948-99d2-24bf487da9d0	1559444720801885	2017-09-09 02:10:58.307+08	2017-09-09 02:10:58.307+08	64
fba5b0dd-dcb0-44fe-b67f-0619279496ab	1559444720801885	2017-09-09 02:10:58.314+08	2017-09-09 02:10:58.314+08	69
35ee4178-2c5d-44f8-987c-cfea150c1599	1559444720801885	2017-09-09 02:10:58.657+08	2017-09-09 02:10:58.657+08	74
3c8f66e7-6994-4e69-b4ba-11c285f02a47	1559444720801885	2017-09-09 02:10:58.685+08	2017-09-09 02:10:58.685+08	73
f773fc41-90e2-431e-8386-80690882388b	1559444720801885	2017-09-09 02:10:58.691+08	2017-09-09 02:10:58.691+08	75
6bb6770e-0bc4-4938-ab90-1ca3ae553515	1559444720801885	2017-09-09 02:10:58.697+08	2017-09-09 02:10:58.697+08	71
03ca5765-4017-4617-82f1-0559021d0a57	1559444720801885	2017-09-09 02:10:58.702+08	2017-09-09 02:10:58.702+08	72
94f5c9cf-d1c3-4e7d-ac30-2e026af78621	1559444720801885	2017-09-09 02:10:59.268+08	2017-09-09 02:10:59.268+08	85
10f9d92a-fe3f-4475-96d3-2acb356fe3e9	1559444720801885	2017-09-09 02:10:59.319+08	2017-09-09 02:10:59.319+08	81
d364b009-d443-44c2-ae0a-78ec8a1233bd	1559444720801885	2017-09-09 02:10:59.574+08	2017-09-09 02:10:59.574+08	86
2f759d8e-17fa-4b1f-a305-2832cdf4c724	1559444720801885	2017-09-09 02:10:59.684+08	2017-09-09 02:10:59.684+08	89
b3ca14e4-1592-4bde-bf5f-38f5ff1318b4	1559444720801885	2017-09-09 02:10:58.708+08	2017-09-09 02:10:58.708+08	70
bcbcb061-5a3e-4dee-b5ea-3b9f4b01177e	1559444720801885	2017-09-09 02:10:58.945+08	2017-09-09 02:10:58.945+08	76
650a2067-293f-42a9-b201-63c1b47fff56	1559444720801885	2017-09-09 02:10:59.294+08	2017-09-09 02:10:59.294+08	84
eabd009e-582b-4201-b441-925abbdc1837	1559444720801885	2017-09-09 02:10:59.599+08	2017-09-09 02:10:59.599+08	87
a958754d-645e-447f-b693-dac4c723f1cd	1559444720801885	2017-09-09 02:10:58.975+08	2017-09-09 02:10:58.975+08	80
8d4d5a44-deeb-4994-bd66-9606810c9705	1559444720801885	2017-09-09 02:10:59.299+08	2017-09-09 02:10:59.299+08	78
cb06a001-b723-4f2c-8c59-aeb9004bcce5	1559444720801885	2017-09-09 02:10:59.605+08	2017-09-09 02:10:59.605+08	88
ed0af8db-ea95-4c81-bd2d-6137d07dbd7a	1559444720801885	2017-09-09 02:10:59.879+08	2017-09-09 02:10:59.879+08	93
d62e15b8-cf69-42e4-b084-7944c9506e48	1559444720801885	2017-09-09 02:10:59.086+08	2017-09-09 02:10:59.086+08	82
039ed4de-f696-4ec7-b6e7-eec8250f412c	1559444720801885	2017-09-09 02:10:59.308+08	2017-09-09 02:10:59.308+08	79
13d525f1-9651-494b-bc95-8862ef6d1fa6	1559444720801885	2017-09-09 02:10:59.61+08	2017-09-09 02:10:59.61+08	90
a9819444-b11e-4b72-a7d6-3d8949e57248	1559444720801885	2017-09-09 02:10:59.884+08	2017-09-09 02:10:59.884+08	92
44a85a3a-f1dd-45d9-9dc5-cb0276fc09ce	1559444720801885	2017-09-09 02:10:59.111+08	2017-09-09 02:10:59.111+08	83
7882b57a-815a-40cf-9f73-087bde365bf2	1559444720801885	2017-09-09 02:10:59.314+08	2017-09-09 02:10:59.314+08	77
abbbe2cb-ce3b-43b5-be60-09d491c5d220	1559444720801885	2017-09-09 02:10:59.678+08	2017-09-09 02:10:59.678+08	91
0e953cba-1982-4d8e-8c06-e2debb1bd4cd	1559444720801885	2017-09-09 02:12:26.463+08	2017-09-09 02:12:26.463+08	1
caa680e2-8721-4d16-a762-c9f52ede49e2	1559444720801885	2017-09-09 02:12:26.502+08	2017-09-09 02:12:26.502+08	2
d1cc09a9-8eb3-4441-9514-2886a00c61a3	1559444720801885	2017-09-09 02:12:26.65+08	2017-09-09 02:12:26.65+08	1
2dbcceb0-1cf0-46b3-8a60-6d66be8dec28	1559444720801885	2017-09-09 02:12:26.755+08	2017-09-09 02:12:26.755+08	2
663c0801-b343-4a20-a9d6-3b60e0a2ca75	1559444720801885	2017-09-09 02:12:26.805+08	2017-09-09 02:12:26.805+08	3
368d400e-fb8c-47f9-b8f9-3c0d546fe0bc	1559444720801885	2017-09-09 02:12:26.875+08	2017-09-09 02:12:26.875+08	1
cb225f61-6320-4e73-8266-41feb48614f8	1559444720801885	2017-09-09 02:12:26.905+08	2017-09-09 02:12:26.905+08	3
2e37c80d-ac1d-4cbe-9c0b-a3c0f0bb93a3	1559444720801885	2017-09-09 02:12:26.91+08	2017-09-09 02:12:26.91+08	2
875cdb73-db82-4d50-a42d-759f3f8cd4ab	1559444720801885	2017-09-09 02:12:26.917+08	2017-09-09 02:12:26.917+08	4
e3b1aab1-8597-43ab-84ba-3a97ef9b2466	1559444720801885	2017-09-09 02:12:27.02+08	2017-09-09 02:12:27.02+08	4
1a56cda8-519b-4739-a785-e29bd306729a	1559444720801885	2017-09-09 02:12:27.07+08	2017-09-09 02:12:27.07+08	3
dc5bbf81-be5a-4624-901b-618a7656594b	1559444720801885	2017-09-09 02:12:27.135+08	2017-09-09 02:12:27.135+08	5
06cb5942-debd-4cf3-b998-4fd0483bac2c	1559444720801885	2017-09-09 02:12:27.188+08	2017-09-09 02:12:27.188+08	4
1fbb072d-59a9-4cd2-b5de-889fed7886ba	1559444720801885	2017-09-09 02:12:27.194+08	2017-09-09 02:12:27.194+08	5
bc26d512-dc72-4bb7-97ba-22f68f5a3be2	1559444720801885	2017-09-09 02:12:27.24+08	2017-09-09 02:12:27.24+08	6
91ed9578-122b-4bc2-852f-ec1b9ab982f0	1559444720801885	2017-09-09 02:12:27.245+08	2017-09-09 02:12:27.245+08	5
7d17fe80-3e29-4abd-a040-cb7bbad62c5c	1559444720801885	2017-09-09 02:12:27.252+08	2017-09-09 02:12:27.252+08	6
3336af5e-6c4f-4b29-8660-5c7c4ad5d705	1559444720801885	2017-09-09 02:12:27.432+08	2017-09-09 02:12:27.432+08	7
44c8d075-d080-4ddd-b446-13454032979f	1559444720801885	2017-09-09 02:12:27.467+08	2017-09-09 02:12:27.467+08	7
521cb21b-4aec-442b-b892-2678f2bcd596	1559444720801885	2017-09-09 02:12:27.472+08	2017-09-09 02:12:27.472+08	6
530d820c-8ff5-46ee-bad0-503f31080e62	1559444720801885	2017-09-09 02:12:27.521+08	2017-09-09 02:12:27.521+08	7
27ecbad7-6c8a-4e90-87d9-afa42ea5eecd	1559444720801885	2017-09-09 02:12:27.526+08	2017-09-09 02:12:27.526+08	8
8ff49adc-7570-4564-aba0-0b12f24db508	1559444720801885	2017-09-09 02:12:27.574+08	2017-09-09 02:12:27.574+08	8
b4ce3cae-a16c-4f69-91e9-587bc35c06be	1559444720801885	2017-09-09 02:12:27.715+08	2017-09-09 02:12:27.715+08	10
6dcb2ee7-dc1d-4e49-bab3-e12a90ff8233	1559444720801885	2017-09-09 02:12:27.743+08	2017-09-09 02:12:27.743+08	9
d136e844-861b-4ab5-bebe-e6df1c7f4e66	1559444720801885	2017-09-09 02:12:27.748+08	2017-09-09 02:12:27.748+08	9
72337ead-09c3-49d4-83c2-0847b685c97d	1559444720801885	2017-09-09 02:12:27.754+08	2017-09-09 02:12:27.754+08	8
53f1cf7d-8834-43b4-ae9e-86bc64cef3e8	1559444720801885	2017-09-09 02:12:27.821+08	2017-09-09 02:12:27.821+08	9
7899da72-878e-489c-932a-662afe117145	1559444720801885	2017-09-09 02:12:27.827+08	2017-09-09 02:12:27.827+08	10
bec2615d-4910-4517-add0-172063ea7ee0	1559444720801885	2017-09-09 02:12:27.999+08	2017-09-09 02:12:27.999+08	12
9d261675-f0de-4547-8d9b-17de84a94cc1	1559444720801885	2017-09-09 02:12:28.027+08	2017-09-09 02:12:28.027+08	11
bab0d93d-459a-4106-9e57-50dc745f9f26	1559444720801885	2017-09-09 02:12:28.058+08	2017-09-09 02:12:28.058+08	12
056d903c-e7a3-4f13-9212-d6bd86cd328b	1559444720801885	2017-09-09 02:12:28.064+08	2017-09-09 02:12:28.064+08	10
12ca2c8e-61c2-4b28-ac62-daf2f903561a	1559444720801885	2017-09-09 02:12:28.069+08	2017-09-09 02:12:28.069+08	11
c5d52ba4-f441-408f-93da-320886f4028a	1559444720801885	2017-09-09 02:12:28.259+08	2017-09-09 02:12:28.259+08	13
289da610-c3a7-42a3-a900-930364bb6be8	1559444720801885	2017-09-09 02:12:28.293+08	2017-09-09 02:12:28.293+08	14
646a7973-1ada-45a6-a5ae-f59adff6d378	1559444720801885	2017-09-09 02:12:28.3+08	2017-09-09 02:12:28.3+08	12
c9b3c422-5f6a-4ed6-81f5-fcacc2ffe516	1559444720801885	2017-09-09 02:12:28.362+08	2017-09-09 02:12:28.362+08	13
853604d8-fcb5-4af1-b552-020857d5100d	1559444720801885	2017-09-09 02:12:28.49+08	2017-09-09 02:12:28.49+08	15
51ae71c3-2128-4dec-9fa8-44beef552787	1559444720801885	2017-09-09 02:12:28.538+08	2017-09-09 02:12:28.538+08	14
1fe02c18-197f-4231-90c7-ecee32cda420	1559444720801885	2017-09-09 02:12:28.567+08	2017-09-09 02:12:28.567+08	15
d9a88485-a3fc-4464-911a-fed5cc43e273	1559444720801885	2017-09-09 02:12:28.573+08	2017-09-09 02:12:28.573+08	14
ca1348a6-e873-434c-a472-852efb61b173	1559444720801885	2017-09-09 02:12:28.623+08	2017-09-09 02:12:28.623+08	11
911b17f4-67fb-45da-982a-fff7ca8b8bf2	1559444720801885	2017-09-09 02:12:28.629+08	2017-09-09 02:12:28.629+08	13
af155381-6918-47c1-acf9-cf018f23d166	1559444720801885	2017-09-09 02:12:28.784+08	2017-09-09 02:12:28.784+08	17
bcef4e6e-31ad-49fa-b8ce-983a99cf62fa	1559444720801885	2017-09-09 02:12:28.812+08	2017-09-09 02:12:28.812+08	16
17eeaf14-3ed5-4475-aea1-9ea2fa63fdfc	1559444720801885	2017-09-09 02:12:28.838+08	2017-09-09 02:12:28.838+08	16
90541f38-8dd8-47c3-b792-cf961a255448	1559444720801885	2017-09-09 02:12:28.844+08	2017-09-09 02:12:28.844+08	17
09b771c7-9664-4652-97cc-51636a9ff204	1559444720801885	2017-09-09 02:12:28.853+08	2017-09-09 02:12:28.853+08	16
d66e6f0f-5035-418d-a10f-f4f9ee742ece	1559444720801885	2017-09-09 02:12:28.922+08	2017-09-09 02:12:28.922+08	15
e132b3c7-f223-465c-8324-0ec17dc0bc08	1559444720801885	2017-09-09 02:12:29.061+08	2017-09-09 02:12:29.061+08	18
8f4766e4-f3a0-4c6a-913e-7969fc04f3c9	1559444720801885	2017-09-09 02:12:29.09+08	2017-09-09 02:12:29.09+08	19
71083e93-4680-4d1b-9acd-fea5dbbc44a9	1559444720801885	2017-09-09 02:12:29.117+08	2017-09-09 02:12:29.117+08	17
d9ba72c9-8da2-4640-b95e-50d056bf64d1	1559444720801885	2017-09-09 02:12:29.123+08	2017-09-09 02:12:29.123+08	19
5ccdf9a4-dcaf-4c54-8263-967a5472a325	1559444720801885	2017-09-09 02:12:29.129+08	2017-09-09 02:12:29.129+08	18
873648ff-0338-40cc-ba05-d7902b01ad8e	1559444720801885	2017-09-09 02:12:29.197+08	2017-09-09 02:12:29.197+08	18
f3dee513-b10d-4eb8-8d43-ed2ff373c467	1559444720801885	2017-09-09 02:12:29.337+08	2017-09-09 02:12:29.337+08	21
b21d32b7-9570-4f4c-9f92-2a520e7c57c0	1559444720801885	2017-09-09 02:12:29.361+08	2017-09-09 02:12:29.361+08	20
15d56c2a-7f61-4a15-802f-224e8a060adc	1559444720801885	2017-09-09 02:12:29.367+08	2017-09-09 02:12:29.367+08	20
bd6b48e0-84ed-4f6b-931e-1dd53ac07206	1559444720801885	2017-09-09 02:12:29.414+08	2017-09-09 02:12:29.414+08	19
9640f389-7830-43ad-a4f2-bdab3b357d65	1559444720801885	2017-09-09 02:12:29.419+08	2017-09-09 02:12:29.419+08	21
8070215d-b684-43cd-87e1-ee0db015731b	1559444720801885	2017-09-09 02:12:29.473+08	2017-09-09 02:12:29.473+08	20
eb504a97-51e4-4a14-986a-35fcb4b0bb30	1559444720801885	2017-09-09 02:12:29.619+08	2017-09-09 02:12:29.619+08	23
b70840a0-3815-4103-b185-14a9dc22f3b3	1559444720801885	2017-09-09 02:12:29.644+08	2017-09-09 02:12:29.644+08	22
33215308-0291-4536-b4f7-9638a8b72361	1559444720801885	2017-09-09 02:12:29.649+08	2017-09-09 02:12:29.649+08	21
e05dc936-f43e-48db-b548-aa62e972745b	1559444720801885	2017-09-09 02:12:29.698+08	2017-09-09 02:12:29.698+08	23
f209b96e-451b-439a-abf1-d42150c18717	1559444720801885	2017-09-09 02:12:29.704+08	2017-09-09 02:12:29.704+08	22
a55bc3e0-14fe-4549-98ed-095501b7a412	1559444720801885	2017-09-09 02:12:29.875+08	2017-09-09 02:12:29.875+08	25
dc908b18-cb7b-47f7-a264-567abfed418d	1559444720801885	2017-09-09 02:12:29.902+08	2017-09-09 02:12:29.902+08	24
8edccf48-98e7-4f19-9724-76427c8274c4	1559444720801885	2017-09-09 02:12:29.911+08	2017-09-09 02:12:29.911+08	24
dae41f0b-012f-44a9-b0dd-81b9569494f8	1559444720801885	2017-09-09 02:12:29.955+08	2017-09-09 02:12:29.955+08	23
74895d85-7516-450b-8b96-524b066b47e4	1559444720801885	2017-09-09 02:12:30.084+08	2017-09-09 02:12:30.084+08	26
631bd71e-bc17-4e6e-aaac-279a9bd7976f	1559444720801885	2017-09-09 02:12:30.11+08	2017-09-09 02:12:30.11+08	25
fd3b475d-4f20-4c55-97c6-44afd620c3f5	1559444720801885	2017-09-09 02:12:30.116+08	2017-09-09 02:12:30.116+08	26
ec25d633-6753-48c0-b09e-95cc532388c8	1559444720801885	2017-09-09 02:12:30.164+08	2017-09-09 02:12:30.164+08	25
4b168d94-41b7-4161-aafb-0c48b8396db7	1559444720801885	2017-09-09 02:12:30.309+08	2017-09-09 02:12:30.309+08	27
af877a73-4415-4cd3-a097-7fd4dae8a3e0	1559444720801885	2017-09-09 02:12:30.335+08	2017-09-09 02:12:30.335+08	27
9e7b33de-3ca2-4850-88c1-20bebebcaa0a	1559444720801885	2017-09-09 02:12:30.341+08	2017-09-09 02:12:30.341+08	27
e5400929-2add-40b7-ba60-13a2b374539e	1559444720801885	2017-09-09 02:12:30.389+08	2017-09-09 02:12:30.389+08	26
68bda016-7bd7-44d5-8fc6-9496af2c7608	1559444720801885	2017-09-09 02:12:30.515+08	2017-09-09 02:12:30.515+08	28
94d0ced7-7adc-4c9e-b813-f5f279d5baf0	1559444720801885	2017-09-09 02:12:30.541+08	2017-09-09 02:12:30.541+08	29
0048d882-c0e8-4572-a8ee-fd4f83601c8c	1559444720801885	2017-09-09 02:12:30.546+08	2017-09-09 02:12:30.546+08	28
52cd4fa2-4979-4cdd-bd30-d0fe4c29fcfc	1559444720801885	2017-09-09 02:12:30.598+08	2017-09-09 02:12:30.598+08	28
4ffc5106-4796-43d2-805f-f3d5564e7463	1559444720801885	2017-09-09 02:12:30.936+08	2017-09-09 02:12:30.936+08	31
c16f7b0e-a6bc-46da-9eb8-c33da187c4d3	1559444720801885	2017-09-09 02:12:31.229+08	2017-09-09 02:12:31.229+08	33
6bb4650b-60be-449f-9658-563ef1c145de	1559444720801885	2017-09-09 02:12:31.465+08	2017-09-09 02:12:31.465+08	33
b341d97f-c1f3-45f8-9cd8-4be3ac6544a3	1559444720801885	2017-09-09 02:12:31.703+08	2017-09-09 02:12:31.703+08	35
042f2571-0df4-4eb8-8556-d9e112f7724b	1559444720801885	2017-09-09 02:12:32.046+08	2017-09-09 02:12:32.046+08	38
3fe97aae-a7b3-4507-8d71-1611f6a59c8c	1559444720801885	2017-09-09 02:12:32.277+08	2017-09-09 02:12:32.277+08	39
19e9ffdc-6132-4659-bb1c-82304d2685b1	1559444720801885	2017-09-09 02:12:32.464+08	2017-09-09 02:12:32.464+08	22
d007f6b6-d72a-46ff-a6d7-9c3ad4512157	1559444720801885	2017-09-09 02:12:32.748+08	2017-09-09 02:12:32.748+08	43
c41e8d86-5430-43ea-ab01-8d6c336ce91d	1559444720801885	2017-09-09 02:12:32.993+08	2017-09-09 02:12:32.993+08	42
0ed16dc8-a555-458a-895b-0390ff9d2327	1559444720801885	2017-09-09 02:12:33.226+08	2017-09-09 02:12:33.226+08	45
af5c976b-8278-4f5f-ab3c-b97c0d873579	1559444720801885	2017-09-09 02:12:33.327+08	2017-09-09 02:12:33.327+08	46
b9682471-bfd2-4db6-8c6f-0a5e0602b7f3	1559444720801885	2017-09-09 02:12:33.579+08	2017-09-09 02:12:33.579+08	47
d2f10090-fbaf-4c7e-85f6-e4bbfa0791f9	1559444720801885	2017-09-09 02:12:33.809+08	2017-09-09 02:12:33.809+08	49
06613385-6807-444c-9fc7-10c345e52e6e	1559444720801885	2017-09-09 02:12:34.085+08	2017-09-09 02:12:34.085+08	50
e3333208-ce59-4a2f-bb0e-174ea66e12c9	1559444720801885	2017-09-09 02:12:34.387+08	2017-09-09 02:12:34.387+08	53
1a40a6a0-a02d-4df2-b89b-4daebdbee095	1559444720801885	2017-09-09 02:12:34.621+08	2017-09-09 02:12:34.621+08	56
99070914-79ac-4d0e-9deb-0490b13d736f	1559444720801885	2017-09-09 02:12:34.885+08	2017-09-09 02:12:34.885+08	58
5fd1719d-e061-4acb-928f-b9036daa9b81	1559444720801885	2017-09-09 02:12:34.955+08	2017-09-09 02:12:34.955+08	57
a18fb244-12bd-49c7-ba75-6b67171f1619	1559444720801885	2017-09-09 02:12:35.296+08	2017-09-09 02:12:35.296+08	59
0c8c087d-9c10-4e8c-9c6b-77a7a334f581	1559444720801885	2017-09-09 02:12:35.551+08	2017-09-09 02:12:35.551+08	60
3772c608-e9c3-4b80-b584-69049471f01e	1559444720801885	2017-09-09 02:12:35.822+08	2017-09-09 02:12:35.822+08	64
c608b3e6-552f-420a-8471-f0b1ccccf941	1559444720801885	2017-09-09 02:12:36.081+08	2017-09-09 02:12:36.081+08	66
1958b3de-367b-4491-a8f6-2d4fb617de48	1559444720801885	2017-09-09 02:12:36.327+08	2017-09-09 02:12:36.327+08	67
43a859db-9b75-411d-b408-7e6a44b5ed58	1559444720801885	2017-09-09 02:12:36.398+08	2017-09-09 02:12:36.398+08	67
57b5005e-8152-4f6b-b42e-748c97645cba	1559444720801885	2017-09-09 02:12:36.693+08	2017-09-09 02:12:36.693+08	69
1a9149fe-a93b-470d-8723-28532944b20d	1559444720801885	2017-09-09 02:12:37.003+08	2017-09-09 02:12:37.003+08	72
1a3824be-9bbb-4ea6-9626-14bdb1a8e97d	1559444720801885	2017-09-09 02:12:37.242+08	2017-09-09 02:12:37.242+08	73
acc1f66c-68b1-420d-a6ad-5c46638d34e2	1559444720801885	2017-09-09 02:12:37.567+08	2017-09-09 02:12:37.567+08	76
2214caf1-5d27-4821-8bed-a350d78e17c7	1559444720801885	2017-09-09 02:12:37.841+08	2017-09-09 02:12:37.841+08	78
0ce1c6e6-4c23-47c3-ac12-b790c1cb3733	1559444720801885	2017-09-09 02:12:38.108+08	2017-09-09 02:12:38.108+08	79
6fec3865-3fd5-452b-9fd6-95c6a6b7376e	1559444720801885	2017-09-09 02:12:38.179+08	2017-09-09 02:12:38.179+08	79
fcb5f064-940e-4d47-85bd-e820c06e84b2	1559444720801885	2017-09-09 02:12:38.498+08	2017-09-09 02:12:38.498+08	81
c030fa79-b8f4-4331-91d0-58f38278200f	1559444720801885	2017-09-09 02:12:39.031+08	2017-09-09 02:12:39.031+08	85
b843ccce-7078-4ff8-a81b-8d5a678196e1	1559444720801885	2017-09-09 02:12:39.274+08	2017-09-09 02:12:39.274+08	86
0672e4f5-fa1b-4613-a046-f22ab1160fa2	1559444720801885	2017-09-09 02:12:39.533+08	2017-09-09 02:12:39.533+08	88
b8599ab4-46be-411e-badb-167bb28da375	1559444720801885	2017-09-09 02:12:39.747+08	2017-09-09 02:12:39.747+08	90
66621194-6111-462a-81e2-fe52828e3555	1559444720801885	2017-09-09 02:12:39.879+08	2017-09-09 02:12:39.879+08	91
a607279c-a923-457c-9c37-14d9ccec7570	1559444720801885	2017-09-09 02:12:40.192+08	2017-09-09 02:12:40.192+08	93
90bc2fcd-7fae-4dae-b38c-4b6b245c813b	1559444720801885	2017-09-09 02:12:30.735+08	2017-09-09 02:12:30.735+08	30
4e10fcc0-ccd7-416f-bd62-7df9050e5bff	1559444720801885	2017-09-09 02:12:30.966+08	2017-09-09 02:12:30.966+08	31
63d7dd70-0b88-4796-8d6d-46f19fddaac8	1559444720801885	2017-09-09 02:12:31.255+08	2017-09-09 02:12:31.255+08	32
0bca8a57-ebcd-4e36-a465-259396a4fcbe	1559444720801885	2017-09-09 02:12:31.471+08	2017-09-09 02:12:31.471+08	34
211181ee-dc50-4b30-a2a6-eddf731d9260	1559444720801885	2017-09-09 02:12:31.842+08	2017-09-09 02:12:31.842+08	37
f5f7536b-c1f8-494b-9ac1-adf37206228b	1559444720801885	2017-09-09 02:12:32.073+08	2017-09-09 02:12:32.073+08	37
84880796-3943-4855-8429-25f1f5bfeb91	1559444720801885	2017-09-09 02:12:32.306+08	2017-09-09 02:12:32.306+08	39
362ffa50-970f-482d-8106-66f68d0872de	1559444720801885	2017-09-09 02:12:32.469+08	2017-09-09 02:12:32.469+08	41
278cadd0-32d4-46fd-bf2c-451fc35b3d7b	1559444720801885	2017-09-09 02:12:32.773+08	2017-09-09 02:12:32.773+08	42
3c2e3a22-b327-4f49-b592-158a315d0cc3	1559444720801885	2017-09-09 02:12:33.019+08	2017-09-09 02:12:33.019+08	44
9cd5d3f0-67bc-4b91-95ee-1332c0d00c1e	1559444720801885	2017-09-09 02:12:33.261+08	2017-09-09 02:12:33.261+08	46
41a8df9f-2796-401e-a233-d47e34a410ba	1559444720801885	2017-09-09 02:12:33.489+08	2017-09-09 02:12:33.489+08	47
fd05d1b7-87a5-4f8a-9d10-d8e3faca198c	1559444720801885	2017-09-09 02:12:33.723+08	2017-09-09 02:12:33.723+08	50
81a3f7d3-baf7-4e46-b8fd-0806e8f964c4	1559444720801885	2017-09-09 02:12:33.815+08	2017-09-09 02:12:33.815+08	50
1709d568-12a1-4004-94c0-5853b33334b5	1559444720801885	2017-09-09 02:12:34.09+08	2017-09-09 02:12:34.09+08	51
f54fe1e3-024e-43f5-a28a-85f2a6a06687	1559444720801885	2017-09-09 02:12:34.393+08	2017-09-09 02:12:34.393+08	53
13b37d81-71fc-4a40-9eab-2f3b1f7e1261	1559444720801885	2017-09-09 02:12:34.653+08	2017-09-09 02:12:34.653+08	54
dc4f2e1b-c314-4425-aa43-aa9924056285	1559444720801885	2017-09-09 02:12:34.913+08	2017-09-09 02:12:34.913+08	56
de8599f1-d19a-463b-94d1-183edd00c43f	1559444720801885	2017-09-09 02:12:35.191+08	2017-09-09 02:12:35.191+08	59
8d12f88e-40e8-46fa-ae19-157a92c41345	1559444720801885	2017-09-09 02:12:35.301+08	2017-09-09 02:12:35.301+08	60
626b50e7-c58a-485f-adce-de0b1e36f997	1559444720801885	2017-09-09 02:12:35.557+08	2017-09-09 02:12:35.557+08	62
cc175199-8ec7-4355-a103-9ed88c0975b0	1559444720801885	2017-09-09 02:12:35.828+08	2017-09-09 02:12:35.828+08	63
8c45ece0-c1ce-4398-b936-d3e1ff377522	1559444720801885	2017-09-09 02:12:36.11+08	2017-09-09 02:12:36.11+08	65
46f0880b-830e-4fbe-b588-b44738c6d5df	1559444720801885	2017-09-09 02:12:36.351+08	2017-09-09 02:12:36.351+08	68
ffe1bf8f-7e07-46dd-94f2-9d4c257578d5	1559444720801885	2017-09-09 02:12:36.626+08	2017-09-09 02:12:36.626+08	70
f7b306b0-b1da-4ef2-97ce-6aa8f8abbb0f	1559444720801885	2017-09-09 02:12:36.698+08	2017-09-09 02:12:36.698+08	70
f3ec277a-6b24-408c-a9b9-481a290e8348	1559444720801885	2017-09-09 02:12:37.008+08	2017-09-09 02:12:37.008+08	70
7e5fce39-600d-4c69-86fe-21625ddb16ef	1559444720801885	2017-09-09 02:12:37.286+08	2017-09-09 02:12:37.286+08	74
b752e17d-e80b-4692-ba06-e0019deb18c5	1559444720801885	2017-09-09 02:12:37.572+08	2017-09-09 02:12:37.572+08	76
b825abb3-4fa8-40e8-8205-12d554ff0322	1559444720801885	2017-09-09 02:12:37.871+08	2017-09-09 02:12:37.871+08	77
afe0dc54-b825-4106-b80d-16e001593d64	1559444720801885	2017-09-09 02:12:38.133+08	2017-09-09 02:12:38.133+08	80
cbe2a8e1-4229-4dcd-8702-fd57850fc7c9	1559444720801885	2017-09-09 02:12:38.409+08	2017-09-09 02:12:38.409+08	82
b1e7588e-c376-4774-9299-bf9e1e754417	1559444720801885	2017-09-09 02:12:38.503+08	2017-09-09 02:12:38.503+08	80
5f8a4eee-2254-49f6-84ba-e1a8d1fbb8bb	1559444720801885	2017-09-09 02:12:38.79+08	2017-09-09 02:12:38.79+08	84
44814967-ad54-4c27-b169-e034799bc618	1559444720801885	2017-09-09 02:12:39.036+08	2017-09-09 02:12:39.036+08	84
ef24368c-4429-4ede-869d-23546c5ea6dd	1559444720801885	2017-09-09 02:12:39.3+08	2017-09-09 02:12:39.3+08	88
67820dae-e7e6-4612-a162-54f8c8cfa4e9	1559444720801885	2017-09-09 02:12:39.57+08	2017-09-09 02:12:39.57+08	89
616becd6-8dd1-4b99-ba0d-db15cd059456	1559444720801885	2017-09-09 02:12:39.813+08	2017-09-09 02:12:39.813+08	91
c9c100dc-a832-4992-a700-005c3e855422	1559444720801885	2017-09-09 02:12:39.949+08	2017-09-09 02:12:39.949+08	92
8ca538c8-a461-45be-870d-bd94344a6ebc	1559444720801885	2017-09-09 02:12:40.197+08	2017-09-09 02:12:40.197+08	93
ec7f5e01-7b63-47f1-acc0-78f767f327e0	1559444720801885	2017-09-09 02:12:30.764+08	2017-09-09 02:12:30.764+08	29
3e35f143-799c-41de-a7e4-2c5b5e660f83	1559444720801885	2017-09-09 02:12:30.995+08	2017-09-09 02:12:30.995+08	30
a713fb89-cce7-4d08-8ac2-c714bcdf9312	1559444720801885	2017-09-09 02:12:31.321+08	2017-09-09 02:12:31.321+08	32
a5ac0321-bd37-4b67-94c9-d8ce1810d2f1	1559444720801885	2017-09-09 02:12:31.642+08	2017-09-09 02:12:31.642+08	35
9376bf2b-7bc4-40f3-b576-45acd2beb03d	1559444720801885	2017-09-09 02:12:31.866+08	2017-09-09 02:12:31.866+08	36
0f410700-7787-40f8-ab6b-1b34d4699a0c	1559444720801885	2017-09-09 02:12:32.104+08	2017-09-09 02:12:32.104+08	37
0e209781-3264-4d2c-8cbb-bd162dac5fc2	1559444720801885	2017-09-09 02:12:32.311+08	2017-09-09 02:12:32.311+08	38
3e99c453-59b0-4c22-bb0b-e316e04952f0	1559444720801885	2017-09-09 02:12:32.535+08	2017-09-09 02:12:32.535+08	40
252f6550-1447-4a17-9174-088460525380	1559444720801885	2017-09-09 02:12:32.779+08	2017-09-09 02:12:32.779+08	41
147959da-5104-4a9a-9123-711a7e20458f	1559444720801885	2017-09-09 02:12:33.027+08	2017-09-09 02:12:33.027+08	43
45c39d12-5c08-4393-808a-5df2349c873f	1559444720801885	2017-09-09 02:12:33.287+08	2017-09-09 02:12:33.287+08	45
edcf10ee-1d22-48c5-818b-3d2c4a4a4c85	1559444720801885	2017-09-09 02:12:33.518+08	2017-09-09 02:12:33.518+08	48
20dbcbdc-ea17-4e36-bf74-fab78e3333c3	1559444720801885	2017-09-09 02:12:33.751+08	2017-09-09 02:12:33.751+08	48
ea87cc52-a94a-4fb9-8291-9e278d7c6ba3	1559444720801885	2017-09-09 02:12:34.006+08	2017-09-09 02:12:34.006+08	51
9d516fa2-5825-4646-a6b4-23d629a084c2	1559444720801885	2017-09-09 02:12:34.176+08	2017-09-09 02:12:34.176+08	51
6ec6b2cb-8955-44bf-ac13-4a963126f174	1559444720801885	2017-09-09 02:12:34.399+08	2017-09-09 02:12:34.399+08	52
7687d973-7e53-462e-b71f-6fb680c5c0cd	1559444720801885	2017-09-09 02:12:34.686+08	2017-09-09 02:12:34.686+08	56
b1ab5098-2004-4488-9804-bc690e86b665	1559444720801885	2017-09-09 02:12:34.938+08	2017-09-09 02:12:34.938+08	57
dbf9a499-93e1-4222-af70-1300f00f277a	1559444720801885	2017-09-09 02:12:35.216+08	2017-09-09 02:12:35.216+08	60
713a6812-638b-4fdd-a659-ca30ae4f0a99	1559444720801885	2017-09-09 02:12:35.491+08	2017-09-09 02:12:35.491+08	61
f2d1e298-e6fb-4152-b0d1-26186848d772	1559444720801885	2017-09-09 02:12:35.562+08	2017-09-09 02:12:35.562+08	61
2920d827-6f21-40c8-be3d-d1c6e9aee564	1559444720801885	2017-09-09 02:12:35.837+08	2017-09-09 02:12:35.837+08	62
c364a2a9-a09b-4992-9445-539e9b1c2d8a	1559444720801885	2017-09-09 02:12:36.116+08	2017-09-09 02:12:36.116+08	65
e59be791-c1a5-4352-ac91-abc51b396b2f	1559444720801885	2017-09-09 02:12:36.381+08	2017-09-09 02:12:36.381+08	66
af313930-4a27-4c4a-8f8d-4daa2ee13120	1559444720801885	2017-09-09 02:12:36.651+08	2017-09-09 02:12:36.651+08	68
c0998df4-b7f6-4adb-ad7b-5f9d74861e7e	1559444720801885	2017-09-09 02:12:36.918+08	2017-09-09 02:12:36.918+08	71
167c68a1-c151-413a-ab02-415c945ba08c	1559444720801885	2017-09-09 02:12:37.061+08	2017-09-09 02:12:37.061+08	72
8185a57f-cbda-4f6e-8d52-cbc780cfe2b4	1559444720801885	2017-09-09 02:12:37.295+08	2017-09-09 02:12:37.295+08	72
800e2cf3-8222-4003-b8c0-3522e50a0490	1559444720801885	2017-09-09 02:12:37.578+08	2017-09-09 02:12:37.578+08	74
23d0596b-46c5-4f9d-9e61-3d1d978bf05e	1559444720801885	2017-09-09 02:12:37.877+08	2017-09-09 02:12:37.877+08	76
9fa46e9d-a571-472f-bcf0-6405506250dc	1559444720801885	2017-09-09 02:12:38.159+08	2017-09-09 02:12:38.159+08	78
5804c0e9-50b6-4b65-9bb0-db7733e96a20	1559444720801885	2017-09-09 02:12:38.438+08	2017-09-09 02:12:38.438+08	81
d25cb749-b440-43f0-9a51-5f44af66f4ef	1559444720801885	2017-09-09 02:12:38.707+08	2017-09-09 02:12:38.707+08	82
1491eb74-f913-449d-a01d-5f386bc816ab	1559444720801885	2017-09-09 02:12:38.857+08	2017-09-09 02:12:38.857+08	83
987621bd-d926-4f04-812f-5c7c235c9500	1559444720801885	2017-09-09 02:12:39.042+08	2017-09-09 02:12:39.042+08	86
13def5ca-d917-4068-bf3c-6ee352083ce4	1559444720801885	2017-09-09 02:12:39.33+08	2017-09-09 02:12:39.33+08	87
7b7364d7-471d-4597-872e-f00da8bf0a5d	1559444720801885	2017-09-09 02:12:39.597+08	2017-09-09 02:12:39.597+08	90
a6cfed38-70b6-474d-8a59-643b04b99ccc	1559444720801885	2017-09-09 02:12:39.842+08	2017-09-09 02:12:39.842+08	92
5c646ace-14e7-4209-ad24-55999b33fd15	1559444720801885	2017-09-09 02:12:40.133+08	2017-09-09 02:12:40.133+08	93
44008c6f-8df1-44d1-9d68-87776b3ba3ac	1559444720801885	2017-09-09 02:12:30.79+08	2017-09-09 02:12:30.79+08	29
a74c9ca8-9148-4a0a-8166-5920070f33f5	1559444720801885	2017-09-09 02:12:31.001+08	2017-09-09 02:12:31.001+08	31
5e346eb9-f007-4577-b09c-daec4e345450	1559444720801885	2017-09-09 02:12:31.43+08	2017-09-09 02:12:31.43+08	33
0e3dea1f-9b32-4d21-b44a-6ed4af6f2870	1559444720801885	2017-09-09 02:12:31.671+08	2017-09-09 02:12:31.671+08	34
9c3d0e65-37bc-4451-b68c-4aec444c87be	1559444720801885	2017-09-09 02:12:31.896+08	2017-09-09 02:12:31.896+08	36
40cbeaef-85bc-44bc-892d-b55f44fe562c	1559444720801885	2017-09-09 02:12:32.11+08	2017-09-09 02:12:32.11+08	38
1d95eaca-390e-4772-8b06-bf2ffd67e2f9	1559444720801885	2017-09-09 02:12:32.432+08	2017-09-09 02:12:32.432+08	24
73ed3f7d-bb4a-43c8-9f95-bfd5dbb55a80	1559444720801885	2017-09-09 02:12:32.585+08	2017-09-09 02:12:32.585+08	40
128b0fff-309e-4df9-8ed7-331ba7be926c	1559444720801885	2017-09-09 02:12:32.784+08	2017-09-09 02:12:32.784+08	41
220cfe37-947f-4782-bba3-9f91bb56a753	1559444720801885	2017-09-09 02:12:33.032+08	2017-09-09 02:12:33.032+08	44
3967ebd0-e36f-4cee-9a72-e20df9f5daaa	1559444720801885	2017-09-09 02:12:33.316+08	2017-09-09 02:12:33.316+08	45
1945e5bd-f3e2-4b2d-a50d-6ffdfd6f593b	1559444720801885	2017-09-09 02:12:33.544+08	2017-09-09 02:12:33.544+08	48
29fd1380-ac11-4199-be3d-6549540e59d2	1559444720801885	2017-09-09 02:12:33.757+08	2017-09-09 02:12:33.757+08	49
96f24df6-f523-44cb-aeee-aac31a87fcbd	1559444720801885	2017-09-09 02:12:34.053+08	2017-09-09 02:12:34.053+08	52
4cab92d9-7453-4d47-9754-dd01f260624e	1559444720801885	2017-09-09 02:12:34.321+08	2017-09-09 02:12:34.321+08	54
4a31adea-d172-4095-abe3-692ec9f76699	1559444720801885	2017-09-09 02:12:34.405+08	2017-09-09 02:12:34.405+08	53
5954a343-036e-43cc-9839-e5eef7dd027f	1559444720801885	2017-09-09 02:12:34.692+08	2017-09-09 02:12:34.692+08	55
4a7cc224-a625-4225-868e-649fec1a5230	1559444720801885	2017-09-09 02:12:34.944+08	2017-09-09 02:12:34.944+08	58
0d6a3071-19d1-4a8c-970a-758f471396f4	1559444720801885	2017-09-09 02:12:35.222+08	2017-09-09 02:12:35.222+08	58
1200fa06-5abd-4c85-aeec-5a8c4957f2bb	1559444720801885	2017-09-09 02:12:35.516+08	2017-09-09 02:12:35.516+08	62
e34ff84e-f3b4-48d9-955d-838ad621709e	1559444720801885	2017-09-09 02:12:35.765+08	2017-09-09 02:12:35.765+08	63
0f1d0487-c218-40dd-b9e1-f8bd64c78566	1559444720801885	2017-09-09 02:12:35.843+08	2017-09-09 02:12:35.843+08	63
b145fda2-54bf-4faa-ada8-1a1285d233d9	1559444720801885	2017-09-09 02:12:36.121+08	2017-09-09 02:12:36.121+08	66
94f52270-a9b6-457a-94b0-cae1eaf3d933	1559444720801885	2017-09-09 02:12:36.386+08	2017-09-09 02:12:36.386+08	68
28676501-0d1d-4fcf-bd0c-43971b1e359e	1559444720801885	2017-09-09 02:12:36.682+08	2017-09-09 02:12:36.682+08	69
60bb3c13-131c-4dc8-a39d-65f54d32e137	1559444720801885	2017-09-09 02:12:36.949+08	2017-09-09 02:12:36.949+08	71
b9de1a36-8f68-42be-ab83-7b9ea8ad0c3a	1559444720801885	2017-09-09 02:12:37.208+08	2017-09-09 02:12:37.208+08	74
e631e566-1fd2-454d-a44e-ab195a37217c	1559444720801885	2017-09-09 02:12:37.301+08	2017-09-09 02:12:37.301+08	73
08685b12-7564-452b-8374-0b6292bdeaf2	1559444720801885	2017-09-09 02:12:37.583+08	2017-09-09 02:12:37.583+08	75
f2d94784-19ac-4206-9e9d-f1401472c43f	1559444720801885	2017-09-09 02:12:37.883+08	2017-09-09 02:12:37.883+08	78
085ad445-5646-4e24-a87b-09a8c4d0f720	1559444720801885	2017-09-09 02:12:38.168+08	2017-09-09 02:12:38.168+08	79
d262ae41-a124-45d1-a657-f9f68fc022f4	1559444720801885	2017-09-09 02:12:38.443+08	2017-09-09 02:12:38.443+08	81
2161a9e7-1a1a-4037-a0d2-ae5b4fb87ab1	1559444720801885	2017-09-09 02:12:38.735+08	2017-09-09 02:12:38.735+08	84
1067dfa3-7269-4ac1-b557-dc59778f07b1	1559444720801885	2017-09-09 02:12:38.979+08	2017-09-09 02:12:38.979+08	86
c6369084-0dc6-4a9a-8208-b2577f0899d3	1559444720801885	2017-09-09 02:12:39.109+08	2017-09-09 02:12:39.109+08	85
5325fa91-87d7-4916-baeb-b6c98aa38689	1559444720801885	2017-09-09 02:12:39.363+08	2017-09-09 02:12:39.363+08	87
51ed9bd0-0c65-417e-a64a-8ad9e34982f8	1559444720801885	2017-09-09 02:12:39.603+08	2017-09-09 02:12:39.603+08	89
2900fac8-4958-418f-abc6-d4aea9dde8a8	1559444720801885	2017-09-09 02:12:39.868+08	2017-09-09 02:12:39.868+08	90
4345a43d-de1a-481e-8d41-83369258a326	1559444720801885	2017-09-09 02:12:30.823+08	2017-09-09 02:12:30.823+08	30
cbe7610e-5677-4e2a-b303-fe0ad7f1a507	1559444720801885	2017-09-09 02:12:31.204+08	2017-09-09 02:12:31.204+08	32
1f99fe43-17fe-4924-a7bb-5113e386a0de	1559444720801885	2017-09-09 02:12:31.459+08	2017-09-09 02:12:31.459+08	34
d16df30a-0ec9-453f-bacd-d265db1588ec	1559444720801885	2017-09-09 02:12:31.697+08	2017-09-09 02:12:31.697+08	35
b8fe9c4d-f2f3-4966-b0ae-1a84c6c5240f	1559444720801885	2017-09-09 02:12:31.901+08	2017-09-09 02:12:31.901+08	36
f8bd7a34-d08f-431c-abd2-320e0b89a309	1559444720801885	2017-09-09 02:12:32.252+08	2017-09-09 02:12:32.252+08	39
ef3da1d0-d874-4b6a-8c1b-29924f9ef4e1	1559444720801885	2017-09-09 02:12:32.458+08	2017-09-09 02:12:32.458+08	40
6530670d-c16f-4aed-81bc-2b93a9090359	1559444720801885	2017-09-09 02:12:32.72+08	2017-09-09 02:12:32.72+08	42
b90f6d8b-5976-40e7-8920-ea574b1b6afb	1559444720801885	2017-09-09 02:12:32.968+08	2017-09-09 02:12:32.968+08	44
c4a9ece4-5e99-4bfe-a2ca-6d001e77c1c3	1559444720801885	2017-09-09 02:12:33.101+08	2017-09-09 02:12:33.101+08	43
4ecad851-725a-4011-a017-d9ace810543e	1559444720801885	2017-09-09 02:12:33.321+08	2017-09-09 02:12:33.321+08	46
953077b2-450a-4c5a-ab5a-1b12eafafbed	1559444720801885	2017-09-09 02:12:33.574+08	2017-09-09 02:12:33.574+08	47
97d00a3f-6a51-4ff1-bef2-437ef83daf93	1559444720801885	2017-09-09 02:12:33.804+08	2017-09-09 02:12:33.804+08	49
6ac63607-2b29-4dcd-b241-14fc6d9f4cbe	1559444720801885	2017-09-09 02:12:34.076+08	2017-09-09 02:12:34.076+08	52
3177281f-ca10-4392-80fd-e55ba8db2dca	1559444720801885	2017-09-09 02:12:34.357+08	2017-09-09 02:12:34.357+08	54
97544603-42aa-4161-ba0f-552e9cc43de8	1559444720801885	2017-09-09 02:12:34.592+08	2017-09-09 02:12:34.592+08	55
9ce7e055-dfa6-4ce8-afcb-2390cc47d465	1559444720801885	2017-09-09 02:12:34.697+08	2017-09-09 02:12:34.697+08	55
b90c9f14-54ce-41d0-be11-7a058618a327	1559444720801885	2017-09-09 02:12:34.949+08	2017-09-09 02:12:34.949+08	57
8dd37276-78c6-408c-bacf-5e4a78a5dff7	1559444720801885	2017-09-09 02:12:35.23+08	2017-09-09 02:12:35.23+08	59
44ba38b2-61ad-48c2-9ce3-d88e3a149fc6	1559444720801885	2017-09-09 02:12:35.546+08	2017-09-09 02:12:35.546+08	61
8c981ddf-e20b-4ebe-9c31-4c858912051e	1559444720801885	2017-09-09 02:12:35.796+08	2017-09-09 02:12:35.796+08	64
38281134-e382-49df-8a48-667c69c8a485	1559444720801885	2017-09-09 02:12:36.046+08	2017-09-09 02:12:36.046+08	65
16d65e9f-90a7-4823-81e3-0aa8117cda91	1559444720801885	2017-09-09 02:12:36.127+08	2017-09-09 02:12:36.127+08	64
39489fb2-3b25-4dac-8a71-2e74660b547a	1559444720801885	2017-09-09 02:12:36.392+08	2017-09-09 02:12:36.392+08	67
ed7ec763-c8d8-48f1-8f0a-6e7ffac3b909	1559444720801885	2017-09-09 02:12:36.688+08	2017-09-09 02:12:36.688+08	69
6884ddbc-b4f4-4783-97e8-c20bdfcb974e	1559444720801885	2017-09-09 02:12:36.954+08	2017-09-09 02:12:36.954+08	71
c2a11975-adc6-4347-81b5-599b509fc397	1559444720801885	2017-09-09 02:12:37.236+08	2017-09-09 02:12:37.236+08	73
d64e913e-7bf5-40d8-885f-321fedb33c1c	1559444720801885	2017-09-09 02:12:37.516+08	2017-09-09 02:12:37.516+08	75
69befea0-84f1-44b7-99b9-b8b644017183	1559444720801885	2017-09-09 02:12:37.589+08	2017-09-09 02:12:37.589+08	75
6dceca54-3ca1-4a99-9ac9-e12654697b25	1559444720801885	2017-09-09 02:12:37.816+08	2017-09-09 02:12:37.816+08	77
0927b7a8-6968-4b7e-b1fa-a077079d5a50	1559444720801885	2017-09-09 02:12:37.888+08	2017-09-09 02:12:37.888+08	77
445df9a4-b3ab-44b1-b09c-85c2559b2199	1559444720801885	2017-09-09 02:12:38.174+08	2017-09-09 02:12:38.174+08	80
20dfd157-f51d-4342-a38e-8c42d457d9eb	1559444720801885	2017-09-09 02:12:38.492+08	2017-09-09 02:12:38.492+08	82
15916363-e9e2-458c-89c0-55a1cc1f001d	1559444720801885	2017-09-09 02:12:38.741+08	2017-09-09 02:12:38.741+08	83
bd1fa62c-227c-4e65-b8ec-55ed1db3672b	1559444720801885	2017-09-09 02:12:38.985+08	2017-09-09 02:12:38.985+08	85
4144f659-539c-4f78-a1a8-367fa9ec09ad	1559444720801885	2017-09-09 02:12:39.237+08	2017-09-09 02:12:39.237+08	87
e3bce258-cb8a-4139-8cc3-3da87169b43a	1559444720801885	2017-09-09 02:12:39.468+08	2017-09-09 02:12:39.468+08	88
7ffaba2b-3826-4057-9b3b-d8cd3db6662a	1559444720801885	2017-09-09 02:12:39.65+08	2017-09-09 02:12:39.65+08	89
4dda8f69-12b2-4a4c-b9e4-c0362c5c3ba3	1559444720801885	2017-09-09 02:12:39.874+08	2017-09-09 02:12:39.874+08	91
4db4000a-f47e-4527-84f2-1825ff4335d2	1559444720801885	2017-09-09 02:12:40.186+08	2017-09-09 02:12:40.186+08	92
28e21fa1-169f-4657-8b70-f85a1c5a178c	1559444720801885	2017-09-09 02:15:25.377+08	2017-09-09 02:15:25.377+08	27
fbf565e0-924c-4341-bdfd-abe1ec0152ac	1559444720801885	2017-09-09 02:19:03.74+08	2017-09-09 02:19:03.74+08	11
67441cc1-8d29-4772-8d64-e398ff26c3cb	1559444720801885	2017-09-09 02:19:16.884+08	2017-09-09 02:19:16.884+08	11
7b9f856c-0feb-4cc0-a239-7e943e17f7a3	1559444720801885	2017-09-09 02:29:12.44+08	2017-09-09 02:29:12.44+08	11
a896d61b-1414-4307-83ee-97b3d3731d9b	1559444720801885	2017-09-09 02:29:15.575+08	2017-09-09 02:29:15.575+08	11
a4d83b95-23f3-41c7-ad1c-77d641fd3462	1559444720801885	2017-09-09 02:29:18.262+08	2017-09-09 02:29:18.262+08	11
c125d493-3738-4df6-b610-d92746338c4b	1559444720801885	2017-09-09 02:29:20.864+08	2017-09-09 02:29:20.864+08	11
397c9ef6-f173-431d-a429-99c018e230a6	1559444720801885	2017-09-09 02:29:24.467+08	2017-09-09 02:29:24.467+08	11
aa81f35d-02c5-494e-8e6d-97d84f11ae74	1559444720801885	2017-09-09 02:29:24.504+08	2017-09-09 02:29:24.504+08	11
008665e2-dde4-4278-bfd2-35d2c2087cb1	1559444720801885	2017-09-09 02:29:29.5+08	2017-09-09 02:29:29.5+08	11
4fbe67b8-b543-492a-8742-9a546bdc4e7e	1559444720801885	2017-09-09 02:29:29.645+08	2017-09-09 02:29:29.645+08	11
ccbad501-1ae0-4934-96c9-b23e4376a7d3	1559444720801885	2017-09-09 02:29:36.775+08	2017-09-09 02:29:36.775+08	11
6a85fb0c-533d-41ba-a405-ed820b5e4d90	1559444720801885	2017-09-09 02:29:36.807+08	2017-09-09 02:29:36.807+08	11
04a0824e-3cab-4358-9655-da91cc2852c2	1559444720801885	2017-09-09 02:29:36.813+08	2017-09-09 02:29:36.813+08	11
b56ff9e7-dcba-4da2-a222-28fff24bdb00	1559444720801885	2017-09-09 02:29:59.952+08	2017-09-09 02:29:59.952+08	11
09c2bed0-8cee-4469-8a49-038bbaea3e65	1559444720801885	2017-09-09 02:29:59.982+08	2017-09-09 02:29:59.982+08	11
9fb3b616-36c3-4ce7-a9cc-299670ea456c	1559444720801885	2017-09-09 02:30:00.01+08	2017-09-09 02:30:00.01+08	11
49fccf03-257a-4637-a2d0-320836175aaa	1559444720801885	2017-09-09 02:30:15.821+08	2017-09-09 02:30:15.821+08	11
39a5c680-a177-4551-95fd-b88e7759c5ff	1559444720801885	2017-09-09 02:30:15.852+08	2017-09-09 02:30:15.852+08	11
95770da3-9977-4080-af0e-84520931ca20	1559444720801885	2017-09-09 02:30:15.891+08	2017-09-09 02:30:15.891+08	11
3a1031a8-a4f8-460e-b928-ade47fc5ed2e	1559444720801885	2017-09-09 02:35:00.334+08	2017-09-09 02:35:00.334+08	16
0a81579d-2dc1-4600-b506-099bb1825d95	1559444720801885	2017-09-09 10:29:30.983+08	2017-09-09 10:29:30.983+08	11
\.


--
-- Data for Name: ratings; Type: TABLE DATA; Schema: public; Owner: postgres
--

COPY ratings (id, value, "userId", "createdAt", "updatedAt", "stallId") FROM stdin;
52	5	10155542011118954	2017-09-09 22:44:46.273+08	2017-09-09 22:44:46.273+08	90
53	4	10155542011118954	2017-09-09 22:44:53.124+08	2017-09-09 22:44:53.124+08	54
54	4	10155542011118954	2017-09-09 22:44:55.252+08	2017-09-09 22:44:55.252+08	59
55	5	10155542011118954	2017-09-09 22:44:57.562+08	2017-09-09 22:44:57.562+08	53
56	4	10211829688110309	2017-09-10 01:42:04.402+08	2017-09-10 01:42:04.402+08	83
13	5	1559444720801885	2017-09-09 00:25:16.046+08	2017-09-09 00:25:16.046+08	86
14	5	1559444720801885	2017-09-09 00:25:18.239+08	2017-09-09 00:25:18.239+08	91
22	5	1559444720801885	2017-09-09 00:25:49.947+08	2017-09-09 00:25:49.947+08	54
23	5	1559444720801885	2017-09-09 00:25:52.515+08	2017-09-09 00:25:52.515+08	55
24	5	1559444720801885	2017-09-09 00:25:55.885+08	2017-09-09 00:25:55.885+08	56
25	5	1559444720801885	2017-09-09 00:25:58.154+08	2017-09-09 00:25:58.154+08	57
26	5	1559444720801885	2017-09-09 00:26:00.605+08	2017-09-09 00:26:00.605+08	62
27	5	1559444720801885	2017-09-09 00:26:04.84+08	2017-09-09 00:26:04.84+08	61
28	5	1559444720801885	2017-09-09 00:26:07.425+08	2017-09-09 00:26:07.425+08	60
29	3	1559444720801885	2017-09-09 00:26:09.543+08	2017-09-09 00:26:09.543+08	59
30	4	1559444720801885	2017-09-09 00:26:12.671+08	2017-09-09 00:26:12.671+08	58
31	3	1559444720801885	2017-09-09 00:26:19.498+08	2017-09-09 00:26:19.498+08	72
32	4	1559444720801885	2017-09-09 00:26:22.663+08	2017-09-09 00:26:22.663+08	68
33	4	1559444720801885	2017-09-09 00:26:27.482+08	2017-09-09 00:26:27.482+08	47
34	3	1559444720801885	2017-09-09 00:26:29.859+08	2017-09-09 00:26:29.859+08	43
35	4	1559444720801885	2017-09-09 00:26:34.764+08	2017-09-09 00:26:34.764+08	18
36	4	1559444720801885	2017-09-09 00:26:38.445+08	2017-09-09 00:26:38.445+08	2
37	4	1559444720801885	2017-09-09 00:26:43.196+08	2017-09-09 00:26:43.196+08	28
38	4	10211829688110309	2017-09-09 00:32:21.046+08	2017-09-09 00:32:21.046+08	55
16	5	1559444720801885	2017-09-09 00:25:23.234+08	2017-09-09 00:42:09.319+08	89
20	5	1559444720801885	2017-09-09 00:25:34.012+08	2017-09-09 00:43:02.906+08	93
60	5	1559444720801885	2017-09-14 15:58:38.311+08	2017-09-14 16:00:55.394+08	1
41	4	1559444720801885	2017-09-09 01:04:02.707+08	2017-09-09 01:04:33.859+08	63
11	3	1559444720801885	2017-09-09 00:25:10.153+08	2017-09-11 15:14:40.769+08	83
40	5	1559444720801885	2017-09-09 01:01:36.923+08	2017-09-09 01:05:32.784+08	65
39	5	1559444720801885	2017-09-09 01:01:29.735+08	2017-09-09 01:05:50.999+08	64
42	5	1559444720801885	2017-09-09 01:07:38.609+08	2017-09-09 01:07:38.609+08	25
61	1	1568898116498921	2017-09-27 11:55:28.187+08	2017-09-27 11:55:28.187+08	82
19	5	1559444720801885	2017-09-09 00:25:31.692+08	2017-09-09 01:09:37.934+08	92
62	5	10154678587906246	2017-09-27 11:55:28.438+08	2017-09-27 11:55:28.438+08	83
63	5	10154678587906246	2017-09-27 11:55:35.236+08	2017-09-27 11:55:35.236+08	89
17	5	1559444720801885	2017-09-09 00:25:25.762+08	2017-09-09 01:10:10.703+08	88
15	5	1559444720801885	2017-09-09 00:25:20.733+08	2017-09-09 01:10:15.12+08	90
9	5	1559444720801885	2017-09-09 00:14:22.372+08	2017-09-12 11:36:35.875+08	84
12	5	1559444720801885	2017-09-09 00:25:13.271+08	2017-09-09 01:19:22.901+08	85
21	5	1559444720801885	2017-09-09 00:25:44.865+08	2017-09-09 01:28:03.952+08	53
43	3	1559444720801885	2017-09-09 01:28:11.544+08	2017-09-09 01:28:11.544+08	76
18	3	1559444720801885	2017-09-09 00:25:28.085+08	2017-09-09 01:28:52.788+08	87
44	4	10155542011118954	2017-09-09 22:44:22.837+08	2017-09-09 22:44:22.837+08	84
45	4	10155542011118954	2017-09-09 22:44:26.627+08	2017-09-09 22:44:26.627+08	82
46	5	10155542011118954	2017-09-09 22:44:29.333+08	2017-09-09 22:44:29.333+08	87
47	3	10155542011118954	2017-09-09 22:44:31.825+08	2017-09-09 22:44:31.825+08	93
48	4	10155542011118954	2017-09-09 22:44:34.618+08	2017-09-09 22:44:34.618+08	89
49	5	10155542011118954	2017-09-09 22:44:37.291+08	2017-09-09 22:44:37.291+08	88
50	4	10155542011118954	2017-09-09 22:44:41.322+08	2017-09-09 22:44:41.322+08	91
51	4	10155542011118954	2017-09-09 22:44:44.177+08	2017-09-09 22:44:44.177+08	85
57	5	1559444720801885	2017-09-12 11:36:57.056+08	2017-09-12 11:37:04.015+08	27
10	4	1559444720801885	2017-09-09 00:25:03.124+08	2017-09-13 17:47:52.818+08	82
58	5	10212371714119935	2017-09-13 22:56:27.566+08	2017-09-13 22:56:27.566+08	67
59	5	10212371714119935	2017-09-13 22:56:57.905+08	2017-09-13 22:56:57.905+08	79
\.


--
-- Name: ratings_id_seq; Type: SEQUENCE SET; Schema: public; Owner: postgres
--

SELECT pg_catalog.setval('ratings_id_seq', 63, true);


--
-- Data for Name: stalls; Type: TABLE DATA; Schema: public; Owner: postgres
--

COPY stalls (id, name, "createdAt", "updatedAt", "canteenId", uuid) FROM stdin;
6	Mixed Veg Rice	2017-08-24 00:00:00+08	2017-08-24 00:00:00+08	1	ca6aa920-772a-4001-a374-8a357370db63
36	Korean Cuisine	2017-08-24 00:00:00+08	2017-08-24 00:00:00+08	4	dce7a95b-b6ec-4c8a-9dac-8dfd5f9491dd
7	Sichuan	2017-08-24 00:00:00+08	2017-08-24 00:00:00+08	1	ae6ed4b6-dda6-4f11-83b4-19da20968f17
8	BBQ Noodle	2017-08-24 00:00:00+08	2017-08-24 00:00:00+08	1	e0805109-b629-4132-b049-2176ccda4e25
9	Salad & Bento Express	2017-08-24 00:00:00+08	2017-08-24 00:00:00+08	1	2a3c969f-19c5-4e41-938e-95f611ccdfe2
18	Nasi Padang	2017-08-24 00:00:00+08	2017-08-24 00:00:00+08	2	92377a53-f858-485a-a720-e111a4e1da4f
50	Fruits & Juices	2017-08-24 00:00:00+08	2017-08-24 00:00:00+08	5	bf43175d-7d05-447b-86cc-2e9ffbb436db
48	Japanese Cuisine	2017-08-24 00:00:00+08	2017-08-24 00:00:00+08	5	623439fa-85e0-4d5c-ac4c-72de121cd13c
49	Dickson's North Indian Halal Food	2017-08-24 00:00:00+08	2017-08-24 00:00:00+08	5	f41468e6-f13b-49f4-9098-c1f5fcdc4723
46	Korean Cuisine	2017-08-24 00:00:00+08	2017-08-24 00:00:00+08	5	78991f40-8ca4-4125-831a-afa51fe10bc6
47	Hainanese Chicken Rice	2017-08-24 00:00:00+08	2017-08-24 00:00:00+08	5	d58817c5-9802-45fe-8fd3-d640af3cf7ad
44	Ban Mian 	2017-08-24 00:00:00+08	2017-08-24 00:00:00+08	5	5b78b045-0d56-40ab-aac2-21f852e4ac04
45	Western Food	2017-08-24 00:00:00+08	2017-08-24 00:00:00+08	5	d0ba4677-b2e9-4b23-978e-97934fbaae5c
42	Mixed Veg Rice	2017-08-24 00:00:00+08	2017-08-24 00:00:00+08	5	ce28f4d4-538f-44e2-bad4-da4f82324a11
43	AZA Muslim Food	2017-08-24 00:00:00+08	2017-08-24 00:00:00+08	5	c94ec855-5f74-48af-ac50-f592a9856dcf
1	Korean Cuisine	2017-08-24 00:00:00+08	2017-08-24 00:00:00+08	1	1a4efdce-f63a-4540-8cc2-07a21a5dee3c
2	Mala Hotpot	2017-08-24 00:00:00+08	2017-08-24 00:00:00+08	1	41a757ed-88f4-4bfd-ba70-c95bbe7ff2e4
3	Noodle House	2017-08-24 00:00:00+08	2017-08-24 00:00:00+08	1	ae2f0232-9417-4801-945c-4e1daa827d31
4	Tzi Char	2017-08-24 00:00:00+08	2017-08-24 00:00:00+08	1	0cbd3858-78c9-4600-946b-d21b36416cfc
10	Yong Tao Foo	2017-08-24 00:00:00+08	2017-08-24 00:00:00+08	1	19261993-9267-431b-aaf9-34f67030c6f4
11	Indian Cuisine	2017-08-24 00:00:00+08	2017-08-24 00:00:00+08	1	d673575d-529b-48e6-9db2-5b645a050b5a
12	Desserts	2017-08-24 00:00:00+08	2017-08-24 00:00:00+08	1	66747957-4302-42cb-a08f-7a74e08c297e
13	Cakes	2017-08-24 00:00:00+08	2017-08-24 00:00:00+08	1	4ab697b6-3788-4170-823b-54c3a27c8745
14	Fruits	2017-08-24 00:00:00+08	2017-08-24 00:00:00+08	1	edf719d4-0989-4c6b-a580-d54b700d7422
15	Beverages	2017-08-24 00:00:00+08	2017-08-24 00:00:00+08	1	e6fbd00d-fa30-46d8-9f66-c299a75ce8d7
16	Dim Sum	2017-08-24 00:00:00+08	2017-08-24 00:00:00+08	1	cb1b11de-4ffc-42e9-b6f9-d2998dfed1a9
37	Nasi Padang	2017-08-24 00:00:00+08	2017-08-24 00:00:00+08	4	2da7f079-dbe8-48cd-9dcc-1524ba318561
19	Yong Tau Foo	2017-08-24 00:00:00+08	2017-08-24 00:00:00+08	2	ab374edb-fa15-4b20-89c5-8bc8029fb533
20	Mixed Veg Rice	2017-08-24 00:00:00+08	2017-08-24 00:00:00+08	2	ff0c6ae4-eb30-43ed-bd80-8dca90427c6e
21	Indonesian Express	2017-08-24 00:00:00+08	2017-08-24 00:00:00+08	2	204a76c0-de21-4de6-83e6-e3f4377a962a
22	Indian	2017-08-24 00:00:00+08	2017-08-24 00:00:00+08	2	a53e384a-22da-4eec-82e3-62ad53ad6cc8
23	Japanese	2017-08-24 00:00:00+08	2017-08-24 00:00:00+08	2	cba0e07f-05ab-4096-ba22-263be5515f22
24	Si Chuan	2017-08-24 00:00:00+08	2017-08-24 00:00:00+08	2	808dbc5e-1f87-4a8f-892b-a35374e58900
25	Western (Astons)	2017-08-24 00:00:00+08	2017-08-24 00:00:00+08	2	1369b5b6-70b2-4c46-8ae2-ed595530df6e
26	Beverages	2017-08-24 00:00:00+08	2017-08-24 00:00:00+08	2	12e2f488-54ea-449b-bad1-9ee12c5a11e3
27	Starbucks	2017-08-24 00:00:00+08	2017-08-24 00:00:00+08	4	f8e7859a-2184-4994-bc5b-4110ca198486
28	Goruden	2017-08-24 00:00:00+08	2017-08-24 00:00:00+08	4	6889576e-a256-409c-a2db-9eec563cbb88
29	LiHo	2017-08-24 00:00:00+08	2017-08-24 00:00:00+08	4	9cf2f153-9c1d-482e-9f42-cfa92e9252b7
30	Fruit Juice	2017-08-24 00:00:00+08	2017-08-24 00:00:00+08	4	faa6cd09-0a46-4c3c-94cd-7e06e1b95326
32	Yong Tau Foo	2017-08-24 00:00:00+08	2017-08-24 00:00:00+08	4	2b58225a-8d1e-4aed-af5d-1e86d62ce3f4
31	Thai Cuisine	2017-08-24 00:00:00+08	2017-08-24 00:00:00+08	4	331b9271-f63a-4436-8a0c-b8a3fa130033
33	Indian Food	2017-08-24 00:00:00+08	2017-08-24 00:00:00+08	4	59f71d31-a12d-4f7d-b830-092645b2cc0f
34	Mixed Veg Rice	2017-08-24 00:00:00+08	2017-08-24 00:00:00+08	4	aed37407-a0d5-478d-ae9c-c20a65ab5af8
35	Ban Mian Fish Soup	2017-08-24 00:00:00+08	2017-08-24 00:00:00+08	4	9694af68-ffa0-49d4-9f1b-36128e9039ab
5	Ban Mian Fish Soup	2017-08-24 00:00:00+08	2017-08-24 00:00:00+08	1	b13470c6-a8bb-44d1-923a-973e02f4d389
17	Ban Mian Fish Soup	2017-08-24 00:00:00+08	2017-08-24 00:00:00+08	2	d1324d51-6bf0-4895-80cb-c94e5b968fc2
39	Subway	2017-08-24 00:00:00+08	2017-08-24 00:00:00+08	4	b67de458-6684-4938-8d94-5027521c77e8
38	Western & Pasta	2017-08-24 00:00:00+08	2017-08-24 00:00:00+08	4	2a78669a-8bcd-420d-942a-f4b33891432b
40	Sarprinos	2017-08-24 00:00:00+08	2017-08-24 00:00:00+08	4	5f334d1d-77dd-458d-b7ce-57bdaf30505d
41	Vietnamese Cuisine	2017-08-24 00:00:00+08	2017-08-24 00:00:00+08	5	9f5764d1-5380-4e5c-9051-60aaee5b226e
51	Cool Spot Drinks & Snacks	2017-08-24 00:00:00+08	2017-08-24 00:00:00+08	5	2a3b9f91-98ae-414d-a317-8dcb555feb9d
52	Hong Kong Kitchen	2017-08-24 00:00:00+08	2017-08-24 00:00:00+08	5	dc0af1f9-4510-44e7-bbb3-b16ee354dcf8
53	Drinks & Snacks	2017-08-24 00:00:00+08	2017-08-24 00:00:00+08	6	bd0a43ba-a666-4d18-9262-c8d6c9251caf
54	Indonesian Panggang	2017-08-24 00:00:00+08	2017-08-24 00:00:00+08	6	ac300f6c-11c3-4e94-bce4-812196675adb
55	SSS Indian Food	2017-08-24 00:00:00+08	2017-08-24 00:00:00+08	6	fba9517e-4517-4764-a779-fbf8b4c0bd50
56	Hougang Fishball Minced Meat Noodles	2017-08-24 00:00:00+08	2017-08-24 00:00:00+08	6	d0ab8503-c1ea-470c-96c0-26318afcfe13
57	Vegetarian Food	2017-08-24 00:00:00+08	2017-08-24 00:00:00+08	6	7dec41b1-653a-4b42-9b3c-cbf181968702
58	Yong Tau Foo	2017-08-24 00:00:00+08	2017-08-24 00:00:00+08	6	8c5fcb6d-dd99-4b8f-bfff-4bc3b018dec8
60	Kaneda Japanese Cuisine	2017-08-24 00:00:00+08	2017-08-24 00:00:00+08	6	5bb28c76-5306-47d9-829d-68deadafcbb5
61	Chicken Rice & Roasted Delight	2017-08-24 00:00:00+08	2017-08-24 00:00:00+08	6	06937e70-b7ea-47a6-9120-4cea8e6ef08a
62	Western Food	2017-08-24 00:00:00+08	2017-08-24 00:00:00+08	6	c982d11c-06b2-47f7-8076-a4be9e2bb7a1
63	Chinese Cooked Food	2017-08-24 00:00:00+08	2017-08-24 00:00:00+08	6	737cd763-fee7-4f72-aa43-538cf5e962c8
65	McDonalds	2017-08-24 00:00:00+08	2017-08-24 00:00:00+08	6	f5d7a097-448b-4c63-9721-9dc681912c5c
66	Drinks & Snacks	2017-08-24 00:00:00+08	2017-08-24 00:00:00+08	7	0b654456-151d-43cd-affb-50d88a863d19
67	Fresh Fruits & Juices	2017-08-24 00:00:00+08	2017-08-24 00:00:00+08	7	606e6623-b906-4f73-b52b-a6aca4d55337
68	Noodle	2017-08-24 00:00:00+08	2017-08-24 00:00:00+08	7	b8d980ef-7e01-4db3-b103-0ddede68c256
70	Vegetarian	2017-08-24 00:00:00+08	2017-08-24 00:00:00+08	7	c2172e93-3ed0-44f2-bb88-25c6d62f6f1d
71	Indian	2017-08-24 00:00:00+08	2017-08-24 00:00:00+08	7	627cbd1f-c8cc-44e7-ac52-19cc44c5eb04
72	Muslim	2017-08-24 00:00:00+08	2017-08-24 00:00:00+08	7	bc2e7dcb-f8a5-4eb7-a829-d7c636a4f1c3
73	Western	2017-08-24 00:00:00+08	2017-08-24 00:00:00+08	7	f50305d7-2192-4119-b237-700d29536ff3
75	Snacks & Fried Kway Teow	2017-08-24 00:00:00+08	2017-08-24 00:00:00+08	7	3f7a32d1-60be-4540-9368-7752b696537a
76	Japanese	2017-08-24 00:00:00+08	2017-08-24 00:00:00+08	7	bb6c7ab4-dabd-4cc1-b79d-578f677f7e42
77	Yong Tau Foo & Laksa	2017-08-24 00:00:00+08	2017-08-24 00:00:00+08	7	f59e111a-f087-4d96-bb85-c83587de0116
78	Chinese Cooked Food	2017-08-24 00:00:00+08	2017-08-24 00:00:00+08	7	fbc6f70a-702f-4667-b019-319daef32724
80	Pizza Hut	2017-08-24 00:00:00+08	2017-08-24 00:00:00+08	7	3641e6cd-b51d-4f96-a605-13ddd52bd78e
81	Indonesian Express	2017-08-24 00:00:00+08	2017-08-24 00:00:00+08	7	f25d3e28-f48f-46fe-8c3a-a481d3790adf
82	La Mian	2017-08-24 00:00:00+08	2017-08-24 00:00:00+08	3	349e435f-fb20-49a5-a90a-1cea28eca351
83	Mixed Vegetable Rice	2017-08-24 00:00:00+08	2017-08-24 00:00:00+08	3	8a72b485-dc4d-4fd9-9ce1-224e7b972874
85	Mala Hot Pot	2017-08-24 00:00:00+08	2017-08-24 00:00:00+08	3	72aef52d-1c23-4e64-aabb-3ef795c69b8b
86	Muslim	2017-08-24 00:00:00+08	2017-08-24 00:00:00+08	3	bf8abfd8-fcba-478c-a7d9-1acc663898ab
87	Yong Tau Foo	2017-08-24 00:00:00+08	2017-08-24 00:00:00+08	3	0686957b-8648-4ff0-8790-96002c4c4957
88	Western	2017-08-24 00:00:00+08	2017-08-24 00:00:00+08	3	1a8a2c29-942a-4c6c-b456-b003fc49678a
90	Chicken Rice	2017-08-24 00:00:00+08	2017-08-24 00:00:00+08	3	9454071b-096a-41b0-91a4-4be2607517f7
91	Ban Mian Fish Soup	2017-08-24 00:00:00+08	2017-08-24 00:00:00+08	3	85a6c0e3-5cc0-4322-92f1-71b798c50a23
92	Mini Wok	2017-08-24 00:00:00+08	2017-08-24 00:00:00+08	3	1dbed822-aa18-4779-bdc7-097fddf74790
59	The Ramen Corner	2017-08-24 00:00:00+08	2017-08-24 00:00:00+08	6	e5f801cf-afa6-4020-b2fd-9e9c285633a0
64	Freshly Made Soya Milk	2017-08-24 00:00:00+08	2017-08-24 00:00:00+08	6	f6a01249-adad-47d2-a876-8041533a0e1d
69	Roasted Delights	2017-08-24 00:00:00+08	2017-08-24 00:00:00+08	7	d756a5c8-0a65-4423-ad15-c6b4faf27f14
74	Claypot Seafood Soup	2017-08-24 00:00:00+08	2017-08-24 00:00:00+08	7	7cb82503-9496-4d03-b435-7a68a876e27e
79	Liang Ban Kung Fu (Ma La Xiang Guo)	2017-08-24 00:00:00+08	2017-08-24 00:00:00+08	7	c2da4073-a250-40bf-8884-a356ceb3e9f2
84	Indian	2017-08-24 00:00:00+08	2017-08-24 00:00:00+08	3	8a84e55b-690d-4d8f-82c9-18af358277e8
89	Dough Magic	2017-08-24 00:00:00+08	2017-08-24 00:00:00+08	3	39eae624-72e4-4ebe-a2ac-0fd037395214
93	Beverages	2017-08-24 00:00:00+08	2017-08-24 00:00:00+08	3	056ba1bb-6842-441f-b54d-e69aef385a07
\.


--
-- Name: Canteens_pkey; Type: CONSTRAINT; Schema: public; Owner: postgres; Tablespace: 
--

ALTER TABLE ONLY canteens
    ADD CONSTRAINT "Canteens_pkey" PRIMARY KEY (id);


--
-- Name: Stalls_pkey; Type: CONSTRAINT; Schema: public; Owner: postgres; Tablespace: 
--

ALTER TABLE ONLY stalls
    ADD CONSTRAINT "Stalls_pkey" PRIMARY KEY (id);


--
-- Name: appointments_pkey; Type: CONSTRAINT; Schema: public; Owner: postgres; Tablespace: 
--

ALTER TABLE ONLY appointments
    ADD CONSTRAINT appointments_pkey PRIMARY KEY (id);


--
-- Name: photos_pkey; Type: CONSTRAINT; Schema: public; Owner: postgres; Tablespace: 
--

ALTER TABLE ONLY photos
    ADD CONSTRAINT photos_pkey PRIMARY KEY (uuid);


--
-- Name: ratings_pkey; Type: CONSTRAINT; Schema: public; Owner: postgres; Tablespace: 
--

ALTER TABLE ONLY ratings
    ADD CONSTRAINT ratings_pkey PRIMARY KEY (id);


--
-- Name: ratings_user_id_stall_id; Type: INDEX; Schema: public; Owner: postgres; Tablespace: 
--

CREATE UNIQUE INDEX ratings_user_id_stall_id ON ratings USING btree ("userId", "stallId");


--
-- Name: Stalls_canteen_id_fkey; Type: FK CONSTRAINT; Schema: public; Owner: postgres
--

ALTER TABLE ONLY stalls
    ADD CONSTRAINT "Stalls_canteen_id_fkey" FOREIGN KEY ("canteenId") REFERENCES canteens(id) ON UPDATE CASCADE ON DELETE CASCADE;


--
-- Name: appointments_canteenId_fkey; Type: FK CONSTRAINT; Schema: public; Owner: postgres
--

ALTER TABLE ONLY appointments
    ADD CONSTRAINT "appointments_canteenId_fkey" FOREIGN KEY ("canteenId") REFERENCES canteens(id) ON UPDATE CASCADE ON DELETE CASCADE;


--
-- Name: photos_stallId_fkey; Type: FK CONSTRAINT; Schema: public; Owner: postgres
--

ALTER TABLE ONLY photos
    ADD CONSTRAINT "photos_stallId_fkey" FOREIGN KEY ("stallId") REFERENCES stalls(id) ON UPDATE CASCADE ON DELETE CASCADE;


--
-- Name: ratings_stallId_fkey; Type: FK CONSTRAINT; Schema: public; Owner: postgres
--

ALTER TABLE ONLY ratings
    ADD CONSTRAINT "ratings_stallId_fkey" FOREIGN KEY ("stallId") REFERENCES stalls(id) ON UPDATE CASCADE ON DELETE CASCADE;


--
-- Name: public; Type: ACL; Schema: -; Owner: postgres
--

REVOKE ALL ON SCHEMA public FROM PUBLIC;
REVOKE ALL ON SCHEMA public FROM postgres;
GRANT ALL ON SCHEMA public TO postgres;
GRANT ALL ON SCHEMA public TO PUBLIC;


--
-- PostgreSQL database dump complete
--

